0,1.683611,24815,B
1,1.683633,44445,I
0,1.750356,32749,B
0,1.750378,42918,P
0,1.817078,21139,B
0,1.817100,31924,P
0,1.883811,16210,B
0,1.883833,23583,P
0,1.950556,11895,B
0,1.950578,20922,P
0,2.017278,11019,B
0,2.017300,21783,P
0,2.084011,17644,B
0,2.084033,21512,P
0,2.150756,26079,B
1,2.150778,48482,I
0,2.217478,27768,B
0,2.217500,49187,P
0,2.284211,17546,B
0,2.284233,29377,P
0,2.350956,13147,B
0,2.350978,21653,P
0,2.417678,9809,B
0,2.417700,22628,P
0,2.484411,22792,B
0,2.484433,12759,P
0,2.551156,23461,B
0,2.551178,23460,P
0,2.617878,17617,B
1,2.617900,48576,I
0,2.684611,21844,B
0,2.684633,47823,P
0,2.751356,16299,B
0,2.751378,29495,P
0,2.818078,11344,B
0,2.818100,22168,P
0,2.884811,8713,B
0,2.884833,22241,P
0,2.951556,12147,B
0,2.951578,21908,P
0,3.018278,23461,B
0,3.018300,23461,P
0,3.085011,25091,B
1,3.085033,47993,I
0,3.151756,25772,B
0,3.151778,47021,P
0,3.218478,16821,B
0,3.218500,28926,P
0,3.285211,11387,B
0,3.285233,24094,P
0,3.351956,9020,B
0,3.351978,22283,P
0,3.418678,8279,B
0,3.418700,20343,P
0,3.485411,23461,B
0,3.485433,23461,P
0,3.552156,23931,B
1,3.552178,48522,I
0,3.618878,27287,B
0,3.618900,49603,P
0,3.685611,16236,B
0,3.685633,27702,P
0,3.752356,15734,B
0,3.752378,22742,P
0,3.819078,10810,B
0,3.819100,21699,P
0,3.885811,16606,B
0,3.885833,22529,P
0,3.952556,23461,B
0,3.952578,23461,P
0,4.019278,24526,B
1,4.019300,47735,I
0,4.086011,23957,B
0,4.086033,51078,P
0,4.152756,16199,B
0,4.152778,27168,P
0,4.219478,12248,B
0,4.219500,22200,P
0,4.286211,9470,B
0,4.286233,23405,P
0,4.352956,10686,B
0,4.352978,21946,P
0,4.419678,23460,B
0,4.419700,23461,P
0,4.486411,23666,B
1,4.486433,48181,I
0,4.553156,25285,B
0,4.553178,48705,P
0,4.619878,16161,B
0,4.619900,26317,P
0,4.686611,11618,B
0,4.686633,23337,P
0,4.753356,8980,B
0,4.753378,24514,P
0,4.820078,8543,B
0,4.820100,23148,P
0,4.886811,23461,B
0,4.886833,23461,P
0,4.953556,23027,B
1,4.953578,48287,I
0,5.020278,24047,B
0,5.020300,48348,P
0,5.087011,17672,B
0,5.087033,28199,P
0,5.153756,12212,B
0,5.153778,21846,P
0,5.220478,9361,B
0,5.220500,21466,P
0,5.287211,17468,B
0,5.287233,22309,P
0,5.353956,23461,B
0,5.353978,23461,P
0,5.420678,25804,B
1,5.420700,48070,I
0,5.487411,24569,B
0,5.487433,50095,P
0,5.554156,15944,B
0,5.554178,30330,P
0,5.620878,11632,B
0,5.620900,22485,P
0,5.687611,9269,B
0,5.687633,20768,P
0,5.754356,12313,B
0,5.754378,21728,P
0,5.821078,23460,B
0,5.821100,23461,P
0,5.887811,23656,B
1,5.887833,47979,I
0,5.954556,23451,B
0,5.954578,48127,P
0,6.021278,16116,B
0,6.021300,28885,P
0,6.088011,10988,B
0,6.088033,23407,P
0,6.154756,8712,B
0,6.154778,23233,P
0,6.221478,12494,B
0,6.221500,20885,P
0,6.288211,23461,B
0,6.288233,23461,P
0,6.354956,25432,B
1,6.354978,48445,I
0,6.421678,25466,B
0,6.421700,45587,P
0,6.488411,16726,B
0,6.488433,29956,P
0,6.555156,11902,B
0,6.555178,22998,P
0,6.621878,8886,B
0,6.621900,22985,P
0,6.688611,8688,B
0,6.688633,20557,P
0,6.755356,23461,B
0,6.755378,23461,P
0,6.822078,25758,B
1,6.822100,48314,I
0,6.888811,25211,B
0,6.888833,47611,P
0,6.955556,16220,B
0,6.955578,26070,P
0,7.022278,11859,B
0,7.022300,24871,P
0,7.089011,8633,B
0,7.089033,24251,P
0,7.155756,7677,B
0,7.155778,21025,P
0,7.222478,23461,B
0,7.222500,23461,P
0,7.289211,24271,B
1,7.289233,47949,I
0,7.355956,25152,B
0,7.355978,46862,P
0,7.422678,16387,B
0,7.422700,29489,P
0,7.489411,11878,B
0,7.489433,22059,P
0,7.556156,9094,B
0,7.556178,21697,P
0,7.622878,10841,B
0,7.622900,22776,P
0,7.689611,23461,B
0,7.689633,23461,P
0,7.756356,26548,B
1,7.756378,47947,I
0,7.823078,24853,B
0,7.823100,44924,P
0,7.889811,17223,B
0,7.889833,29096,P
0,7.956556,11927,B
0,7.956578,21287,P
0,8.023278,9375,B
0,8.023300,22400,P
0,8.090011,11233,B
0,8.090033,22793,P
0,8.156756,23461,B
0,8.156778,23461,P
0,8.223478,24449,B
1,8.223500,48283,I
0,8.290211,26225,B
0,8.290233,47752,P
0,8.356956,16629,B
0,8.356978,28836,P
0,8.423678,11812,B
0,8.423700,23393,P
0,8.490411,9554,B
0,8.490433,21858,P
0,8.557156,8895,B
0,8.557178,22862,P
0,8.623878,23461,B
0,8.623900,23461,P
0,8.690611,24951,B
1,8.690633,48001,I
0,8.757356,26059,B
0,8.757378,50129,P
0,8.824078,16766,B
0,8.824100,27325,P
0,8.890811,11818,B
0,8.890833,21668,P
0,8.957556,9332,B
0,8.957578,21754,P
0,9.024278,16893,B
0,9.024300,20380,P
0,9.091011,23461,B
0,9.091033,23461,P
0,9.157756,25392,B
1,9.157778,48192,I
0,9.224478,25812,B
0,9.224500,49503,P
0,9.291211,16092,B
0,9.291233,28806,P
0,9.357956,11572,B
0,9.357978,22543,P
0,9.424678,8376,B
0,9.424700,22043,P
0,9.491411,13851,B
0,9.491433,21556,P
0,9.558156,23461,B
0,9.558178,23461,P
0,9.624878,25897,B
1,9.624900,47761,I
0,9.691611,24778,B
0,9.691633,46324,P
0,9.758356,16603,B
0,9.758378,27869,P
0,9.825078,12048,B
0,9.825100,23755,P
0,9.891811,9044,B
0,9.891833,21035,P
0,9.958556,8467,B
0,9.958578,23508,P
0,10.025278,23461,B
0,10.025300,23460,P
0,10.092011,25529,B
1,10.092033,47348,I
0,10.158756,26722,B
0,10.158778,47117,P
0,10.225478,19147,B
0,10.225500,28300,P
0,10.292211,12780,B
0,10.292233,23168,P
0,10.358956,9546,B
0,10.358978,21680,P
0,10.425678,7756,B
0,10.425700,21561,P
0,10.492411,23461,B
0,10.492433,23461,P
0,10.559156,24154,B
1,10.559178,47788,I
0,10.625878,24856,B
0,10.625900,44417,P
0,10.692611,18319,B
0,10.692633,29679,P
0,10.759356,12950,B
0,10.759378,24319,P
0,10.826078,9795,B
0,10.826100,22158,P
0,10.892811,10261,B
0,10.892833,22589,P
0,10.959556,23461,B
0,10.959578,23461,P
0,11.026278,23990,B
1,11.026300,47968,I
0,11.093011,27926,B
0,11.093033,47341,P
0,11.159756,16614,B
0,11.159778,29591,P
0,11.226478,10744,B
0,11.226500,23157,P
0,11.293211,8743,B
0,11.293233,22693,P
0,11.359956,7810,B
0,11.359978,22211,P
0,11.426678,23461,B
0,11.426700,23460,P
0,N/A,23642,B
1,N/A,47723,I
0,N/A,27365,B
0,N/A,47284,P
