1.533467,1.400000,0.016678,44445,564,K_MPEGTS Stream ID

1.616889,1.550156,0.016678,52053,52452,__MPEGTS Stream ID

1.550167,1.550167,0.016678,24815,105844,__MPEGTS Stream ID

1.550178,1.550178,0.016678,19208,131224,__MPEGTS Stream ID

1.600189,1.600189,0.016678,42918,150964,__MPEGTS Stream ID

1.683611,1.616878,0.016678,25045,219020,__MPEGTS Stream ID

1.616889,1.616889,0.016678,32749,244776,__MPEGTS Stream ID

1.616900,1.616900,0.016678,24142,278428,__MPEGTS Stream ID

1.666922,1.666922,0.016678,31924,314524,__MPEGTS Stream ID

1.750344,1.683611,0.016678,26901,347236,__MPEGTS Stream ID

1.683622,1.683622,0.016678,21139,374872,__MPEGTS Stream ID

1.683633,1.683633,0.016678,20115,396680,__MPEGTS Stream ID

1.733667,1.733667,0.016678,23583,448568,__MPEGTS Stream ID

1.817089,1.750356,0.016678,23316,472820,__MPEGTS Stream ID

1.750367,1.750367,0.016678,16210,496696,__MPEGTS Stream ID

1.750378,1.750378,0.016678,13942,513428,__MPEGTS Stream ID

1.800389,1.800389,0.016678,20922,558172,__MPEGTS Stream ID

1.883811,1.817078,0.016678,21936,579604,__MPEGTS Stream ID

1.817089,1.817089,0.016678,11895,602164,__MPEGTS Stream ID

1.817100,1.817100,0.016678,9956,614384,__MPEGTS Stream ID

1.867122,1.867122,0.016678,21783,645780,__MPEGTS Stream ID

1.950544,1.883811,0.016678,21915,673040,__MPEGTS Stream ID

1.883822,1.883822,0.016678,11019,695600,__MPEGTS Stream ID

1.883833,1.883833,0.016678,9316,707068,__MPEGTS Stream ID

1.933867,1.933867,0.016678,21512,722484,__MPEGTS Stream ID

2.017289,1.950556,0.016678,23048,764032,__MPEGTS Stream ID

1.950567,1.950567,0.016678,17644,787720,__MPEGTS Stream ID

1.950578,1.950578,0.016678,23461,805768,__MPEGTS Stream ID

2.000589,2.000589,0.016678,48482,840360,K_MPEGTS Stream ID

2.084011,2.017278,0.016678,70351,889992,__MPEGTS Stream ID

2.017289,2.017289,0.016678,26079,961996,__MPEGTS Stream ID

2.017300,2.017300,0.016678,12343,988692,__MPEGTS Stream ID

2.067322,2.067322,0.016678,49187,1031556,__MPEGTS Stream ID

2.150744,2.084011,0.016678,33591,1081940,__MPEGTS Stream ID

2.084022,2.084022,0.016678,27768,1116344,__MPEGTS Stream ID

2.084033,2.084033,0.016678,11744,1144920,__MPEGTS Stream ID

2.134067,2.134067,0.016678,29377,1178384,__MPEGTS Stream ID

2.217489,2.150756,0.016678,22859,1218992,__MPEGTS Stream ID

2.150767,2.150767,0.016678,17546,1242492,__MPEGTS Stream ID

2.150778,2.150778,0.016678,8545,1260540,__MPEGTS Stream ID

2.200789,2.200789,0.016678,21653,1269376,__MPEGTS Stream ID

2.284211,2.217478,0.016678,20533,1312616,__MPEGTS Stream ID

2.217489,2.217489,0.016678,13147,1333672,__MPEGTS Stream ID

2.217500,2.217500,0.016678,7724,1347208,__MPEGTS Stream ID

2.267522,2.267522,0.016678,22628,1366196,__MPEGTS Stream ID

2.350944,2.284211,0.016678,22190,1389508,__MPEGTS Stream ID

2.284222,2.284222,0.016678,9809,1412256,__MPEGTS Stream ID

2.284233,2.284233,0.016678,7639,1422408,__MPEGTS Stream ID

2.334267,2.334267,0.016678,12759,1461512,__MPEGTS Stream ID

2.417689,2.350956,0.016678,20855,1474672,__MPEGTS Stream ID

2.350967,2.350967,0.016678,22792,1496104,__MPEGTS Stream ID

2.350978,2.350978,0.016678,23461,1519416,__MPEGTS Stream ID

2.400989,2.400989,0.016678,23460,1573560,__MPEGTS Stream ID

2.484411,2.417678,0.016678,23461,1597624,__MPEGTS Stream ID

2.417689,2.417689,0.016678,23461,1621688,__MPEGTS Stream ID

2.417700,2.417700,0.016678,23461,1645752,__MPEGTS Stream ID

2.467722,2.467722,0.016678,48576,1689932,K_MPEGTS Stream ID

2.551144,2.484411,0.016678,71892,1750280,__MPEGTS Stream ID

2.484422,2.484422,0.016678,17617,1823788,__MPEGTS Stream ID

2.484433,2.484433,0.016678,23862,1841836,__MPEGTS Stream ID

2.534467,2.534467,0.016678,47823,1866276,__MPEGTS Stream ID

2.617889,2.551156,0.016678,32533,1936212,__MPEGTS Stream ID

2.551167,2.551167,0.016678,21844,1969488,__MPEGTS Stream ID

2.551178,2.551178,0.016678,19413,1991860,__MPEGTS Stream ID

2.601189,2.601189,0.016678,29495,2022316,__MPEGTS Stream ID

2.684611,2.617878,0.016678,21177,2052584,__MPEGTS Stream ID

2.617889,2.617889,0.016678,16299,2074392,__MPEGTS Stream ID

2.617900,2.617900,0.016678,11371,2091124,__MPEGTS Stream ID

2.667922,2.667922,0.016678,22168,2132860,__MPEGTS Stream ID

2.751344,2.684611,0.016678,23094,2155608,__MPEGTS Stream ID

2.684622,2.684622,0.016678,11344,2179296,__MPEGTS Stream ID

2.684633,2.684633,0.016678,8353,2190952,__MPEGTS Stream ID

2.734667,2.734667,0.016678,22241,2221032,__MPEGTS Stream ID

2.818089,2.751356,0.016678,19679,2254308,__MPEGTS Stream ID

2.751367,2.751367,0.016678,8713,2274612,__MPEGTS Stream ID

2.751378,2.751378,0.016678,8035,2283636,__MPEGTS Stream ID

2.801389,2.801389,0.016678,21908,2291908,__MPEGTS Stream ID

2.884811,2.818078,0.016678,20017,2335524,__MPEGTS Stream ID

2.818089,2.818089,0.016678,12147,2356016,__MPEGTS Stream ID

2.818100,2.818100,0.016678,23461,2368612,__MPEGTS Stream ID

2.868122,2.868122,0.016678,23461,2403580,__MPEGTS Stream ID

2.951544,2.884811,0.016678,23461,2427644,__MPEGTS Stream ID

2.884822,2.884822,0.016678,23461,2451708,__MPEGTS Stream ID

2.884833,2.884833,0.016678,23460,2475772,__MPEGTS Stream ID

2.934867,2.934867,0.016678,47993,2531796,K_MPEGTS Stream ID

3.018289,2.951556,0.016678,72343,2580864,__MPEGTS Stream ID

2.951567,2.951567,0.016678,25091,2654936,__MPEGTS Stream ID

2.951578,2.951578,0.016678,19046,2680692,__MPEGTS Stream ID

3.001589,3.001589,0.016678,47021,2731640,__MPEGTS Stream ID

3.085011,3.018278,0.016678,32399,2779768,__MPEGTS Stream ID

3.018289,3.018289,0.016678,25772,2813044,__MPEGTS Stream ID

3.018300,3.018300,0.016678,16295,2839552,__MPEGTS Stream ID

3.068322,3.068322,0.016678,28926,2876212,__MPEGTS Stream ID

3.151744,3.085011,0.016678,22849,2916444,__MPEGTS Stream ID

3.085022,3.085022,0.016678,16821,2939944,__MPEGTS Stream ID

3.085033,3.085033,0.016678,10439,2957240,__MPEGTS Stream ID

3.135067,3.135067,0.016678,24094,2967956,__MPEGTS Stream ID

3.218489,3.151756,0.016678,22213,3013828,__MPEGTS Stream ID

3.151767,3.151767,0.016678,11387,3036576,__MPEGTS Stream ID

3.151778,3.151778,0.016678,8295,3048232,__MPEGTS Stream ID

3.201789,3.201789,0.016678,22283,3067784,__MPEGTS Stream ID

3.285211,3.218478,0.016678,21180,3090720,__MPEGTS Stream ID

3.218489,3.218489,0.016678,9020,3112528,__MPEGTS Stream ID

3.218500,3.218500,0.016678,8132,3121928,__MPEGTS Stream ID

3.268522,3.268522,0.016678,20343,3161596,__MPEGTS Stream ID

3.351944,3.285211,0.016678,20575,3182464,__MPEGTS Stream ID

3.285222,3.285222,0.016678,8279,3203520,__MPEGTS Stream ID

3.285233,3.285233,0.016678,22266,3212168,__MPEGTS Stream ID

3.335267,3.335267,0.016678,23461,3265560,__MPEGTS Stream ID

3.418689,3.351956,0.016678,23461,3289624,__MPEGTS Stream ID

3.351967,3.351967,0.016678,23461,3313688,__MPEGTS Stream ID

3.351978,3.351978,0.016678,23461,3337752,__MPEGTS Stream ID

3.401989,3.401989,0.016678,48522,3383248,K_MPEGTS Stream ID

3.485411,3.418678,0.016678,71653,3438144,__MPEGTS Stream ID

3.418689,3.418689,0.016678,23931,3511464,__MPEGTS Stream ID

3.418700,3.418700,0.016678,18150,3536092,__MPEGTS Stream ID

3.468722,3.468722,0.016678,49603,3559968,__MPEGTS Stream ID

3.552144,3.485411,0.016678,31383,3631784,__MPEGTS Stream ID

3.485422,3.485422,0.016678,27287,3663932,__MPEGTS Stream ID

3.485433,3.485433,0.016678,15247,3691944,__MPEGTS Stream ID

3.535467,3.535467,0.016678,27702,3718264,__MPEGTS Stream ID

3.618889,3.552156,0.016678,22445,3746652,__MPEGTS Stream ID

3.552167,3.552167,0.016678,16236,3769776,__MPEGTS Stream ID

3.552178,3.552178,0.016678,10482,3786508,__MPEGTS Stream ID

3.602189,3.602189,0.016678,22742,3827492,__MPEGTS Stream ID

3.685611,3.618878,0.016678,12925,3850804,__MPEGTS Stream ID

3.618889,3.618889,0.016678,15734,3864152,__MPEGTS Stream ID

3.618900,3.618900,0.016678,10576,3880320,__MPEGTS Stream ID

3.668922,3.668922,0.016678,21699,3912656,__MPEGTS Stream ID

3.752344,3.685611,0.016678,15365,3945180,__MPEGTS Stream ID

3.685622,3.685622,0.016678,10810,3960972,__MPEGTS Stream ID

3.685633,3.685633,0.016678,9048,3972064,__MPEGTS Stream ID

3.735667,3.735667,0.016678,22529,3981464,__MPEGTS Stream ID

3.819089,3.752356,0.016678,18926,4024140,__MPEGTS Stream ID

3.752367,3.752367,0.016678,16606,4043692,__MPEGTS Stream ID

3.752378,3.752378,0.016678,23460,4060800,__MPEGTS Stream ID

3.802389,3.802389,0.016678,23461,4095768,__MPEGTS Stream ID

3.885811,3.819078,0.016678,23461,4119832,__MPEGTS Stream ID

3.819089,3.819089,0.016678,23461,4143896,__MPEGTS Stream ID

3.819100,3.819100,0.016678,23461,4167960,__MPEGTS Stream ID

3.869122,3.869122,0.016678,47735,4223608,K_MPEGTS Stream ID

3.952544,3.885811,0.016678,72116,4272488,__MPEGTS Stream ID

3.885822,3.885822,0.016678,24526,4346372,__MPEGTS Stream ID

3.885833,3.885833,0.016678,18620,4371564,__MPEGTS Stream ID

3.935867,3.935867,0.016678,51078,4420820,__MPEGTS Stream ID

4.019289,3.952556,0.016678,31745,4473084,__MPEGTS Stream ID

3.952567,3.952567,0.016678,23957,4505608,__MPEGTS Stream ID

3.952578,3.952578,0.016678,16082,4530236,__MPEGTS Stream ID

4.002589,4.002589,0.016678,27168,4568212,__MPEGTS Stream ID

4.086011,4.019278,0.016678,22736,4606564,__MPEGTS Stream ID

4.019289,4.019289,0.016678,16199,4629876,__MPEGTS Stream ID

4.019300,4.019300,0.016678,10486,4646608,__MPEGTS Stream ID

4.069322,4.069322,0.016678,22200,4657700,__MPEGTS Stream ID

4.152744,4.086011,0.016678,20886,4701504,__MPEGTS Stream ID

4.086022,4.086022,0.016678,12248,4722936,__MPEGTS Stream ID

4.086033,4.086033,0.016678,8491,4735532,__MPEGTS Stream ID

4.136067,4.136067,0.016678,23405,4756400,__MPEGTS Stream ID

4.219489,4.152756,0.016678,18826,4780464,__MPEGTS Stream ID

4.152767,4.152767,0.016678,9470,4799828,__MPEGTS Stream ID

4.152778,4.152778,0.016678,7645,4809604,__MPEGTS Stream ID

4.202789,4.202789,0.016678,21946,4848332,__MPEGTS Stream ID

4.286211,4.219478,0.016678,21350,4876156,__MPEGTS Stream ID

4.219489,4.219489,0.016678,10686,4898152,__MPEGTS Stream ID

4.219500,4.219500,0.016678,23461,4909244,__MPEGTS Stream ID

4.269522,4.269522,0.016678,23461,4933684,__MPEGTS Stream ID

4.352944,4.286211,0.016678,23461,4984068,__MPEGTS Stream ID

4.286222,4.286222,0.016678,23460,5008132,__MPEGTS Stream ID

4.286233,4.286233,0.016678,23461,5032196,__MPEGTS Stream ID

4.336267,4.336267,0.016678,48181,5061524,K_MPEGTS Stream ID

4.419689,4.352956,0.016678,70204,5110780,__MPEGTS Stream ID

4.352967,4.352967,0.016678,23666,5182596,__MPEGTS Stream ID

4.352978,4.352978,0.016678,22470,5206848,__MPEGTS Stream ID

4.402989,4.402989,0.016678,48705,5260052,__MPEGTS Stream ID

4.486411,4.419678,0.016678,35060,5309872,__MPEGTS Stream ID

4.419689,4.419689,0.016678,25285,5345780,__MPEGTS Stream ID

4.419700,4.419700,0.016678,15085,5371724,__MPEGTS Stream ID

4.469722,4.469722,0.016678,26317,5419288,__MPEGTS Stream ID

4.553144,4.486411,0.016678,22920,5446360,__MPEGTS Stream ID

4.486422,4.486422,0.016678,16161,5469860,__MPEGTS Stream ID

4.486433,4.486433,0.016678,10562,5486404,__MPEGTS Stream ID

4.536467,4.536467,0.016678,23337,5523628,__MPEGTS Stream ID

4.619889,4.553156,0.016678,22375,5552768,__MPEGTS Stream ID

4.553167,4.553167,0.016678,11618,5575704,__MPEGTS Stream ID

4.553178,4.553178,0.016678,7861,5587736,__MPEGTS Stream ID

4.603189,4.603189,0.016678,24514,5596384,__MPEGTS Stream ID

4.686611,4.619878,0.016678,21137,5647896,__MPEGTS Stream ID

4.619889,4.619889,0.016678,8980,5669516,__MPEGTS Stream ID

4.619900,4.619900,0.016678,7646,5678728,__MPEGTS Stream ID

4.669922,4.669922,0.016678,23148,5691888,__MPEGTS Stream ID

4.753344,4.686611,0.016678,20682,5715576,__MPEGTS Stream ID

4.686622,4.686622,0.016678,8543,5736820,__MPEGTS Stream ID

4.686633,4.686633,0.016678,18605,5745656,__MPEGTS Stream ID

4.736667,4.736667,0.016678,23461,5796416,__MPEGTS Stream ID

4.820089,4.753356,0.016678,23461,5820480,__MPEGTS Stream ID

4.753367,4.753367,0.016678,23461,5844544,__MPEGTS Stream ID

4.753378,4.753378,0.016678,23461,5868608,__MPEGTS Stream ID

4.803389,4.803389,0.016678,48287,5917864,K_MPEGTS Stream ID

4.886811,4.820078,0.016678,72843,5972572,__MPEGTS Stream ID

4.820089,4.820089,0.016678,23027,6047020,__MPEGTS Stream ID

4.820100,4.820100,0.016678,17214,6070708,__MPEGTS Stream ID

4.870122,4.870122,0.016678,48348,6088380,__MPEGTS Stream ID

4.953544,4.886811,0.016678,32437,6164144,__MPEGTS Stream ID

4.886822,4.886822,0.016678,24047,6197420,__MPEGTS Stream ID

4.886833,4.886833,0.016678,14362,6222048,__MPEGTS Stream ID

4.936867,4.936867,0.016678,28199,6242164,__MPEGTS Stream ID

5.020289,4.953556,0.016678,21149,6271116,__MPEGTS Stream ID

4.953567,4.953567,0.016678,17672,6292924,__MPEGTS Stream ID

4.953578,4.953578,0.016678,9987,6311160,__MPEGTS Stream ID

5.003589,5.003589,0.016678,21846,6351580,__MPEGTS Stream ID

5.087011,5.020278,0.016678,20036,6373952,__MPEGTS Stream ID

5.020289,5.020289,0.016678,12212,6394444,__MPEGTS Stream ID

5.020300,5.020300,0.016678,7288,6407040,__MPEGTS Stream ID

5.070322,5.070322,0.016678,21466,6446520,__MPEGTS Stream ID

5.153744,5.087011,0.016678,21769,6468516,__MPEGTS Stream ID

5.087022,5.087022,0.016678,9361,6490888,__MPEGTS Stream ID

5.087033,5.087033,0.016678,7591,6500476,__MPEGTS Stream ID

5.137067,5.137067,0.016678,22309,6534880,__MPEGTS Stream ID

5.220489,5.153756,0.016678,20683,6562704,__MPEGTS Stream ID

5.153767,5.153767,0.016678,17468,6583948,__MPEGTS Stream ID

5.153778,5.153778,0.016678,23460,6601996,__MPEGTS Stream ID

5.203789,5.203789,0.016678,23461,6626436,__MPEGTS Stream ID

5.287211,5.220478,0.016678,23461,6675316,__MPEGTS Stream ID

5.220489,5.220489,0.016678,23461,6699380,__MPEGTS Stream ID

5.220500,5.220500,0.016678,23461,6723444,__MPEGTS Stream ID

5.270522,5.270522,0.016678,48070,6753148,K_MPEGTS Stream ID

5.353944,5.287211,0.016678,70992,6802404,__MPEGTS Stream ID

5.287222,5.287222,0.016678,25804,6874972,__MPEGTS Stream ID

5.287233,5.287233,0.016678,17799,6901480,__MPEGTS Stream ID

5.337267,5.337267,0.016678,50095,6950924,__MPEGTS Stream ID

5.420689,5.353956,0.016678,32881,7002248,__MPEGTS Stream ID

5.353967,5.353967,0.016678,24569,7035900,__MPEGTS Stream ID

5.353978,5.353978,0.016678,15132,7061092,__MPEGTS Stream ID

5.403989,5.403989,0.016678,30330,7107152,__MPEGTS Stream ID

5.487411,5.420678,0.016678,21981,7138172,__MPEGTS Stream ID

5.420689,5.420689,0.016678,15944,7160732,__MPEGTS Stream ID

5.420700,5.420700,0.016678,10157,7177088,__MPEGTS Stream ID

5.470722,5.470722,0.016678,22485,7213936,__MPEGTS Stream ID

5.554144,5.487411,0.016678,19514,7237060,__MPEGTS Stream ID

5.487422,5.487422,0.016678,11632,7257176,__MPEGTS Stream ID

5.487433,5.487433,0.016678,7620,7274472,__MPEGTS Stream ID

5.537467,5.537467,0.016678,20768,7282744,__MPEGTS Stream ID

5.620889,5.554156,0.016678,20970,7330308,__MPEGTS Stream ID

5.554167,5.554167,0.016678,9269,7351928,__MPEGTS Stream ID

5.554178,5.554178,0.016678,7832,7361516,__MPEGTS Stream ID

5.604189,5.604189,0.016678,21728,7374488,__MPEGTS Stream ID

5.687611,5.620878,0.016678,21716,7396860,__MPEGTS Stream ID

5.620889,5.620889,0.016678,12313,7419232,__MPEGTS Stream ID

5.620900,5.620900,0.016678,23461,7432016,__MPEGTS Stream ID

5.670922,5.670922,0.016678,23461,7486724,__MPEGTS Stream ID

5.754344,5.687611,0.016678,23461,7510788,__MPEGTS Stream ID

5.687622,5.687622,0.016678,23460,7534852,__MPEGTS Stream ID

5.687633,5.687633,0.016678,23461,7558916,__MPEGTS Stream ID

5.737667,5.737667,0.016678,47979,7609676,K_MPEGTS Stream ID

5.821089,5.754356,0.016678,74278,7664008,__MPEGTS Stream ID

5.754367,5.754367,0.016678,23656,7739960,__MPEGTS Stream ID

5.754378,5.754378,0.016678,19025,7764212,__MPEGTS Stream ID

5.804389,5.804389,0.016678,48127,7783764,__MPEGTS Stream ID

5.887811,5.821078,0.016678,31706,7859340,__MPEGTS Stream ID

5.821089,5.821089,0.016678,23451,7891864,__MPEGTS Stream ID

5.821100,5.821100,0.016678,15942,7915928,__MPEGTS Stream ID

5.871122,5.871122,0.016678,28885,7937924,__MPEGTS Stream ID

5.954544,5.887811,0.016678,20260,7967628,__MPEGTS Stream ID

5.887822,5.887822,0.016678,16116,7988496,__MPEGTS Stream ID

5.887833,5.887833,0.016678,10812,8005040,__MPEGTS Stream ID

5.937867,5.937867,0.016678,23407,8047340,__MPEGTS Stream ID

6.021289,5.954556,0.016678,20304,8071404,__MPEGTS Stream ID

5.954567,5.954567,0.016678,10988,8092272,__MPEGTS Stream ID

5.954578,5.954578,0.016678,8911,8103552,__MPEGTS Stream ID

6.004589,6.004589,0.016678,23233,8143220,__MPEGTS Stream ID

6.088011,6.021278,0.016678,21413,8167096,__MPEGTS Stream ID

6.021289,6.021289,0.016678,8712,8189092,__MPEGTS Stream ID

6.021300,6.021300,0.016678,8056,8198116,__MPEGTS Stream ID

6.071322,6.071322,0.016678,20885,8232708,__MPEGTS Stream ID

6.154744,6.088011,0.016678,20961,8259028,__MPEGTS Stream ID

6.088022,6.088022,0.016678,12494,8280648,__MPEGTS Stream ID

6.088033,6.088033,0.016678,23461,8293620,__MPEGTS Stream ID

6.138067,6.138067,0.016678,23461,8318060,__MPEGTS Stream ID

6.221489,6.154756,0.016678,23461,8366940,__MPEGTS Stream ID

6.154767,6.154767,0.016678,23461,8391004,__MPEGTS Stream ID

6.154778,6.154778,0.016678,23461,8415068,__MPEGTS Stream ID

6.204789,6.204789,0.016678,48445,8444960,K_MPEGTS Stream ID

6.288211,6.221478,0.016678,70726,8494592,__MPEGTS Stream ID

6.221489,6.221489,0.016678,25432,8566972,__MPEGTS Stream ID

6.221500,6.221500,0.016678,22782,8593104,__MPEGTS Stream ID

6.271522,6.271522,0.016678,45587,8647624,__MPEGTS Stream ID

6.354944,6.288211,0.016678,33720,8694248,__MPEGTS Stream ID

6.288222,6.288222,0.016678,25466,8728840,__MPEGTS Stream ID

6.288233,6.288233,0.016678,15244,8754972,__MPEGTS Stream ID

6.338267,6.338267,0.016678,29956,8795768,__MPEGTS Stream ID

6.421689,6.354956,0.016678,20448,8831676,__MPEGTS Stream ID

6.354967,6.354967,0.016678,16726,8852732,__MPEGTS Stream ID

6.354978,6.354978,0.016678,10040,8869840,__MPEGTS Stream ID

6.404989,6.404989,0.016678,22998,8880180,__MPEGTS Stream ID

6.488411,6.421678,0.016678,21020,8930188,__MPEGTS Stream ID

6.421689,6.421689,0.016678,11902,8951808,__MPEGTS Stream ID

6.421700,6.421700,0.016678,8144,8964028,__MPEGTS Stream ID

6.471722,6.471722,0.016678,22985,8977752,__MPEGTS Stream ID

6.555144,6.488411,0.016678,21332,9001252,__MPEGTS Stream ID

6.488422,6.488422,0.016678,8886,9023248,__MPEGTS Stream ID

6.488433,6.488433,0.016678,7269,9032460,__MPEGTS Stream ID

6.538467,6.538467,0.016678,20557,9070060,__MPEGTS Stream ID

6.621889,6.555156,0.016678,22142,9091116,__MPEGTS Stream ID

6.555167,6.555167,0.016678,8688,9113864,__MPEGTS Stream ID

6.555178,6.555178,0.016678,22566,9122888,__MPEGTS Stream ID

6.605189,6.605189,0.016678,23461,9172708,__MPEGTS Stream ID

6.688611,6.621878,0.016678,23461,9202788,__MPEGTS Stream ID

6.621889,6.621889,0.016678,23461,9226852,__MPEGTS Stream ID

6.621900,6.621900,0.016678,23461,9250916,__MPEGTS Stream ID

6.671922,6.671922,0.016678,48314,9280620,K_MPEGTS Stream ID

6.755344,6.688611,0.016678,68610,9354128,__MPEGTS Stream ID

6.688622,6.688622,0.016678,25758,9424252,__MPEGTS Stream ID

6.688633,6.688633,0.016678,23187,9450760,__MPEGTS Stream ID

6.738667,6.738667,0.016678,47611,9480088,__MPEGTS Stream ID

6.822089,6.755356,0.016678,32903,9534044,__MPEGTS Stream ID

6.755367,6.755367,0.016678,25211,9567696,__MPEGTS Stream ID

6.755378,6.755378,0.016678,16176,9593640,__MPEGTS Stream ID

6.805389,6.805389,0.016678,26070,9636880,__MPEGTS Stream ID

6.888811,6.822078,0.016678,20311,9663576,__MPEGTS Stream ID

6.822089,6.822089,0.016678,16220,9684444,__MPEGTS Stream ID

6.822100,6.822100,0.016678,11126,9701176,__MPEGTS Stream ID

6.872122,6.872122,0.016678,24871,9738964,__MPEGTS Stream ID

6.955544,6.888811,0.016678,21514,9769796,__MPEGTS Stream ID

6.888822,6.888822,0.016678,11859,9791980,__MPEGTS Stream ID

6.888833,6.888833,0.016678,8899,9804200,__MPEGTS Stream ID

6.938867,6.938867,0.016678,24251,9819052,__MPEGTS Stream ID

7.022289,6.955556,0.016678,21354,9864924,__MPEGTS Stream ID

6.955567,6.955567,0.016678,8633,9886920,__MPEGTS Stream ID

6.955578,6.955578,0.016678,8278,9895756,__MPEGTS Stream ID

7.005589,7.005589,0.016678,21025,9914556,__MPEGTS Stream ID

7.089011,7.022278,0.016678,22084,9936176,__MPEGTS Stream ID

7.022289,7.022289,0.016678,7677,9958924,__MPEGTS Stream ID

7.022300,7.022300,0.016678,21120,9966820,__MPEGTS Stream ID

7.072322,7.072322,0.016678,23461,10013632,__MPEGTS Stream ID

7.155744,7.089011,0.016678,23460,10037696,__MPEGTS Stream ID

7.089022,7.089022,0.016678,23461,10061760,__MPEGTS Stream ID

7.089033,7.089033,0.016678,23461,10085824,__MPEGTS Stream ID

7.139067,7.139067,0.016678,47949,10141472,K_MPEGTS Stream ID

7.222489,7.155756,0.016678,70137,10190540,__MPEGTS Stream ID

7.155767,7.155767,0.016678,24271,10262356,__MPEGTS Stream ID

7.155778,7.155778,0.016678,18594,10287172,__MPEGTS Stream ID

7.205789,7.205789,0.016678,46862,10331164,__MPEGTS Stream ID

7.289211,7.222478,0.016678,33438,10384368,__MPEGTS Stream ID

7.222489,7.222489,0.016678,25152,10418584,__MPEGTS Stream ID

7.222500,7.222500,0.016678,15739,10444340,__MPEGTS Stream ID

7.272522,7.272522,0.016678,29489,10466336,__MPEGTS Stream ID

7.355944,7.289211,0.016678,22119,10517660,__MPEGTS Stream ID

7.289222,7.289222,0.016678,16387,10540408,__MPEGTS Stream ID

7.289233,7.289233,0.016678,10360,10557328,__MPEGTS Stream ID

7.339267,7.339267,0.016678,22059,10573308,__MPEGTS Stream ID

7.422689,7.355956,0.016678,20932,10601132,__MPEGTS Stream ID

7.355967,7.355967,0.016678,11878,10622564,__MPEGTS Stream ID

7.355978,7.355978,0.016678,8108,10634784,__MPEGTS Stream ID

7.405989,7.405989,0.016678,21697,10669940,__MPEGTS Stream ID

7.489411,7.422678,0.016678,23117,10692124,__MPEGTS Stream ID

7.422689,7.422689,0.016678,9094,10715812,__MPEGTS Stream ID

7.422700,7.422700,0.016678,7669,10725212,__MPEGTS Stream ID

7.472722,7.472722,0.016678,22776,10764692,__MPEGTS Stream ID

7.556144,7.489411,0.016678,20933,10788004,__MPEGTS Stream ID

7.489422,7.489422,0.016678,10841,10809436,__MPEGTS Stream ID

7.489433,7.489433,0.016678,23461,10820716,__MPEGTS Stream ID

7.539467,7.539467,0.016678,23461,10871476,__MPEGTS Stream ID

7.622889,7.556156,0.016678,23461,10895540,__MPEGTS Stream ID

7.556167,7.556167,0.016678,23461,10919604,__MPEGTS Stream ID

7.556178,7.556178,0.016678,23461,10943668,__MPEGTS Stream ID

7.606189,7.606189,0.016678,47947,10978260,K_MPEGTS Stream ID

7.689611,7.622878,0.016678,69620,11046880,__MPEGTS Stream ID

7.622889,7.622889,0.016678,26548,11118132,__MPEGTS Stream ID

7.622900,7.622900,0.016678,18299,11145392,__MPEGTS Stream ID

7.672922,7.672922,0.016678,44924,11169456,__MPEGTS Stream ID

7.756344,7.689611,0.016678,32995,11220780,__MPEGTS Stream ID

7.689622,7.689622,0.016678,24853,11254620,__MPEGTS Stream ID

7.689633,7.689633,0.016678,16023,11280188,__MPEGTS Stream ID

7.739667,7.739667,0.016678,29096,11323428,__MPEGTS Stream ID

7.823089,7.756356,0.016678,22115,11353320,__MPEGTS Stream ID

7.756367,7.756367,0.016678,17223,11376068,__MPEGTS Stream ID

7.756378,7.756378,0.016678,10984,11393740,__MPEGTS Stream ID

7.806389,7.806389,0.016678,21287,11431528,__MPEGTS Stream ID

7.889811,7.823078,0.016678,21292,11458600,__MPEGTS Stream ID

7.823089,7.823089,0.016678,11927,11480408,__MPEGTS Stream ID

7.823100,7.823100,0.016678,8552,11492628,__MPEGTS Stream ID

7.873122,7.873122,0.016678,22400,11507104,__MPEGTS Stream ID

7.956544,7.889811,0.016678,21712,11551096,__MPEGTS Stream ID

7.889822,7.889822,0.016678,9375,11573468,__MPEGTS Stream ID

7.889833,7.889833,0.016678,8047,11583244,__MPEGTS Stream ID

7.939867,7.939867,0.016678,22793,11596404,__MPEGTS Stream ID

8.023289,7.956556,0.016678,20355,11624980,__MPEGTS Stream ID

7.956567,7.956567,0.016678,11233,11645848,__MPEGTS Stream ID

7.956578,7.956578,0.016678,23461,11657504,__MPEGTS Stream ID

8.006589,8.006589,0.016678,23461,11706760,__MPEGTS Stream ID

8.090011,8.023278,0.016678,23461,11730824,__MPEGTS Stream ID

8.023289,8.023289,0.016678,23461,11754888,__MPEGTS Stream ID

8.023300,8.023300,0.016678,23461,11778952,__MPEGTS Stream ID

8.073322,8.073322,0.016678,48283,11834600,K_MPEGTS Stream ID

8.156744,8.090011,0.016678,70958,11884044,__MPEGTS Stream ID

8.090022,8.090022,0.016678,24449,11956612,__MPEGTS Stream ID

8.090033,8.090033,0.016678,18639,11981616,__MPEGTS Stream ID

8.140067,8.140067,0.016678,47752,12025608,__MPEGTS Stream ID

8.223489,8.156756,0.016678,31424,12079752,__MPEGTS Stream ID

8.156767,8.156767,0.016678,26225,12111900,__MPEGTS Stream ID

8.156778,8.156778,0.016678,15909,12138784,__MPEGTS Stream ID

8.206789,8.206789,0.016678,28836,12160780,__MPEGTS Stream ID

8.290211,8.223478,0.016678,20524,12211352,__MPEGTS Stream ID

8.223489,8.223489,0.016678,16629,12232408,__MPEGTS Stream ID

8.223500,8.223500,0.016678,10790,12249516,__MPEGTS Stream ID

8.273522,8.273522,0.016678,23393,12265496,__MPEGTS Stream ID

8.356944,8.290211,0.016678,19721,12294824,__MPEGTS Stream ID

8.290222,8.290222,0.016678,11812,12315128,__MPEGTS Stream ID

8.290233,8.290233,0.016678,8284,12327348,__MPEGTS Stream ID

8.340267,8.340267,0.016678,21858,12361376,__MPEGTS Stream ID

8.423689,8.356956,0.016678,23365,12383748,__MPEGTS Stream ID

8.356967,8.356967,0.016678,9554,12407812,__MPEGTS Stream ID

8.356978,8.356978,0.016678,7520,12417588,__MPEGTS Stream ID

8.406989,8.406989,0.016678,22862,12451616,__MPEGTS Stream ID

8.490411,8.423678,0.016678,21919,12480380,__MPEGTS Stream ID

8.423689,8.423689,0.016678,8895,12502940,__MPEGTS Stream ID

8.423700,8.423700,0.016678,23461,12512152,__MPEGTS Stream ID

8.473722,8.473722,0.016678,23461,12541856,__MPEGTS Stream ID

8.557144,8.490411,0.016678,23460,12586976,__MPEGTS Stream ID

8.490422,8.490422,0.016678,23461,12611040,__MPEGTS Stream ID

8.490433,8.490433,0.016678,23461,12635104,__MPEGTS Stream ID

8.540467,8.540467,0.016678,48001,12669696,K_MPEGTS Stream ID

8.623889,8.557156,0.016678,71010,12718764,__MPEGTS Stream ID

8.557167,8.557167,0.016678,24951,12791520,__MPEGTS Stream ID

8.557178,8.557178,0.016678,18047,12817088,__MPEGTS Stream ID

8.607189,8.607189,0.016678,50129,12860516,__MPEGTS Stream ID

8.690611,8.623878,0.016678,30957,12911840,__MPEGTS Stream ID

8.623889,8.623889,0.016678,26059,12943612,__MPEGTS Stream ID

8.623900,8.623900,0.016678,15017,12970308,__MPEGTS Stream ID

8.673922,8.673922,0.016678,27325,13017308,__MPEGTS Stream ID

8.757344,8.690611,0.016678,20912,13045320,__MPEGTS Stream ID

8.690622,8.690622,0.016678,16766,13066752,__MPEGTS Stream ID

8.690633,8.690633,0.016678,10362,13084048,__MPEGTS Stream ID

8.740667,8.740667,0.016678,21668,13119580,__MPEGTS Stream ID

8.824089,8.757356,0.016678,21766,13147028,__MPEGTS Stream ID

8.757367,8.757367,0.016678,11818,13169400,__MPEGTS Stream ID

8.757378,8.757378,0.016678,7578,13181620,__MPEGTS Stream ID

8.807389,8.807389,0.016678,21754,13195156,__MPEGTS Stream ID

8.890811,8.824078,0.016678,20434,13238584,__MPEGTS Stream ID

8.824089,8.824089,0.016678,9332,13259640,__MPEGTS Stream ID

8.824100,8.824100,0.016678,7528,13269228,__MPEGTS Stream ID

8.874122,8.874122,0.016678,20380,13282012,__MPEGTS Stream ID

8.957544,8.890811,0.016678,20914,13308144,__MPEGTS Stream ID

8.890822,8.890822,0.016678,16893,13329576,__MPEGTS Stream ID

8.890833,8.890833,0.016678,23461,13346872,__MPEGTS Stream ID

8.940867,8.940867,0.016678,23461,13395752,__MPEGTS Stream ID

9.024289,8.957556,0.016678,23461,13419816,__MPEGTS Stream ID

8.957567,8.957567,0.016678,23461,13443880,__MPEGTS Stream ID

8.957578,8.957578,0.016678,23461,13467944,__MPEGTS Stream ID

9.007589,9.007589,0.016678,48192,13522088,K_MPEGTS Stream ID

9.091011,9.024278,0.016678,69934,13571532,__MPEGTS Stream ID

9.024289,9.024289,0.016678,25392,13643160,__MPEGTS Stream ID

9.024300,9.024300,0.016678,17876,13669292,__MPEGTS Stream ID

9.074322,9.074322,0.016678,49503,13712532,__MPEGTS Stream ID

9.157744,9.091011,0.016678,35695,13763292,__MPEGTS Stream ID

9.091022,9.091022,0.016678,25812,13799952,__MPEGTS Stream ID

9.091033,9.091033,0.016678,15247,13826460,__MPEGTS Stream ID

9.141067,9.141067,0.016678,28806,13852968,__MPEGTS Stream ID

9.224489,9.157756,0.016678,19878,13882484,__MPEGTS Stream ID

9.157767,9.157767,0.016678,16092,13902976,__MPEGTS Stream ID

9.157778,9.157778,0.016678,10214,13919520,__MPEGTS Stream ID

9.207789,9.207789,0.016678,22543,13956368,__MPEGTS Stream ID

9.291211,9.224478,0.016678,20661,13984756,__MPEGTS Stream ID

9.224489,9.224489,0.016678,11572,14006000,__MPEGTS Stream ID

9.224500,9.224500,0.016678,8033,14018032,__MPEGTS Stream ID

9.274522,9.274522,0.016678,22043,14052624,__MPEGTS Stream ID

9.357944,9.291211,0.016678,20546,14075184,__MPEGTS Stream ID

9.291222,9.291222,0.016678,8376,14096240,__MPEGTS Stream ID

9.291233,9.291233,0.016678,7389,14104888,__MPEGTS Stream ID

9.341267,9.341267,0.016678,21556,14137412,__MPEGTS Stream ID

9.424689,9.357956,0.016678,20389,14164860,__MPEGTS Stream ID

9.357967,9.357967,0.016678,13851,14185728,__MPEGTS Stream ID

9.357978,9.357978,0.016678,23461,14200016,__MPEGTS Stream ID

9.407989,9.407989,0.016678,23461,14229908,__MPEGTS Stream ID

9.491411,9.424678,0.016678,23461,14275028,__MPEGTS Stream ID

9.424689,9.424689,0.016678,23461,14299092,__MPEGTS Stream ID

9.424700,9.424700,0.016678,23461,14323156,__MPEGTS Stream ID

9.474722,9.474722,0.016678,47761,14352484,K_MPEGTS Stream ID

9.558144,9.491411,0.016678,70297,14406628,__MPEGTS Stream ID

9.491422,9.491422,0.016678,25897,14478632,__MPEGTS Stream ID

9.491433,9.491433,0.016678,23247,14505140,__MPEGTS Stream ID

9.541467,9.541467,0.016678,46324,14553832,__MPEGTS Stream ID

9.624889,9.558156,0.016678,33535,14601208,__MPEGTS Stream ID

9.558167,9.558167,0.016678,24778,14635612,__MPEGTS Stream ID

9.558178,9.558178,0.016678,15433,14660992,__MPEGTS Stream ID

9.608189,9.608189,0.016678,27869,14708744,__MPEGTS Stream ID

9.691611,9.624878,0.016678,24596,14737320,__MPEGTS Stream ID

9.624889,9.624889,0.016678,16603,14762512,__MPEGTS Stream ID

9.624900,9.624900,0.016678,10480,14779620,__MPEGTS Stream ID

9.674922,9.674922,0.016678,23755,14816844,__MPEGTS Stream ID

9.758344,9.691611,0.016678,20725,14846548,__MPEGTS Stream ID

9.691622,9.691622,0.016678,12048,14867792,__MPEGTS Stream ID

9.691633,9.691633,0.016678,8413,14880200,__MPEGTS Stream ID

9.741667,9.741667,0.016678,21035,14894488,__MPEGTS Stream ID

9.825089,9.758356,0.016678,20767,14937164,__MPEGTS Stream ID

9.758367,9.758367,0.016678,9044,14958596,__MPEGTS Stream ID

9.758378,9.758378,0.016678,7223,14967996,__MPEGTS Stream ID

9.808389,9.808389,0.016678,23508,14980780,__MPEGTS Stream ID

9.891811,9.825078,0.016678,21349,15010108,__MPEGTS Stream ID

9.825089,9.825089,0.016678,8467,15032104,__MPEGTS Stream ID

9.825100,9.825100,0.016678,19908,15040940,__MPEGTS Stream ID

9.875122,9.875122,0.016678,23460,15088128,__MPEGTS Stream ID

9.958544,9.891811,0.016678,23461,15112192,__MPEGTS Stream ID

9.891822,9.891822,0.016678,23461,15136256,__MPEGTS Stream ID

9.891833,9.891833,0.016678,23461,15160320,__MPEGTS Stream ID

9.941867,9.941867,0.016678,47348,15211268,K_MPEGTS Stream ID

10.025289,9.958556,0.016678,72556,15265036,__MPEGTS Stream ID

9.958567,9.958567,0.016678,25529,15339296,__MPEGTS Stream ID

9.958578,9.958578,0.016678,18703,15365428,__MPEGTS Stream ID

10.008589,10.008589,0.016678,47117,15389868,__MPEGTS Stream ID

10.092011,10.025278,0.016678,33667,15459240,__MPEGTS Stream ID

10.025289,10.025289,0.016678,26722,15493832,__MPEGTS Stream ID

10.025300,10.025300,0.016678,15333,15521280,__MPEGTS Stream ID

10.075322,10.075322,0.016678,28300,15542336,__MPEGTS Stream ID

10.158744,10.092011,0.016678,21525,15576552,__MPEGTS Stream ID

10.092022,10.092022,0.016678,19147,15598736,__MPEGTS Stream ID

10.092033,10.092033,0.016678,11257,15618476,__MPEGTS Stream ID

10.142067,10.142067,0.016678,23168,15654948,__MPEGTS Stream ID

10.225489,10.158756,0.016678,24134,15678636,__MPEGTS Stream ID

10.158767,10.158767,0.016678,12780,15703452,__MPEGTS Stream ID

10.158778,10.158778,0.016678,8840,15716612,__MPEGTS Stream ID

10.208789,10.208789,0.016678,21680,15757408,__MPEGTS Stream ID

10.292211,10.225478,0.016678,23205,15779592,__MPEGTS Stream ID

10.225489,10.225489,0.016678,9546,15803468,__MPEGTS Stream ID

10.225500,10.225500,0.016678,7439,15813244,__MPEGTS Stream ID

10.275522,10.275522,0.016678,21561,15845768,__MPEGTS Stream ID

10.358944,10.292211,0.016678,22532,15873216,__MPEGTS Stream ID

10.292222,10.292222,0.016678,7756,15896340,__MPEGTS Stream ID

10.292233,10.292233,0.016678,13217,15904424,__MPEGTS Stream ID

10.342267,10.342267,0.016678,23461,15923600,__MPEGTS Stream ID

10.425689,10.358956,0.016678,23461,15968720,__MPEGTS Stream ID

10.358967,10.358967,0.016678,23461,15992784,__MPEGTS Stream ID

10.358978,10.358978,0.016678,23460,16016848,__MPEGTS Stream ID

10.408989,10.408989,0.016678,47788,16046552,K_MPEGTS Stream ID

10.492411,10.425678,0.016678,71426,16100696,__MPEGTS Stream ID

10.425689,10.425689,0.016678,24154,16173828,__MPEGTS Stream ID

10.425700,10.425700,0.016678,18138,16198644,__MPEGTS Stream ID

10.475722,10.475722,0.016678,44417,16243764,__MPEGTS Stream ID

10.559144,10.492411,0.016678,32317,16289260,__MPEGTS Stream ID

10.492422,10.492422,0.016678,24856,16322348,__MPEGTS Stream ID

10.492433,10.492433,0.016678,15098,16347916,__MPEGTS Stream ID

10.542467,10.542467,0.016678,29679,16390216,__MPEGTS Stream ID

10.625889,10.559156,0.016678,20380,16425560,__MPEGTS Stream ID

10.559167,10.559167,0.016678,18319,16446428,__MPEGTS Stream ID

10.559178,10.559178,0.016678,10767,16465228,__MPEGTS Stream ID

10.609189,10.609189,0.016678,24319,16481584,__MPEGTS Stream ID

10.692611,10.625878,0.016678,23149,16526140,__MPEGTS Stream ID

10.625889,10.625889,0.016678,12950,16549828,__MPEGTS Stream ID

10.625900,10.625900,0.016678,7995,16563176,__MPEGTS Stream ID

10.675922,10.675922,0.016678,22158,16582352,__MPEGTS Stream ID

10.759344,10.692611,0.016678,21973,16605100,__MPEGTS Stream ID

10.692622,10.692622,0.016678,9795,16627660,__MPEGTS Stream ID

10.692633,10.692633,0.016678,7933,16637812,__MPEGTS Stream ID

10.742667,10.742667,0.016678,22589,16672404,__MPEGTS Stream ID

10.826089,10.759356,0.016678,19140,16700792,__MPEGTS Stream ID

10.759367,10.759367,0.016678,10261,16720532,__MPEGTS Stream ID

10.759378,10.759378,0.016678,23461,16731060,__MPEGTS Stream ID

10.809389,10.809389,0.016678,23461,16781444,__MPEGTS Stream ID

10.892811,10.826078,0.016678,23461,16805508,__MPEGTS Stream ID

10.826089,10.826089,0.016678,23461,16829572,__MPEGTS Stream ID

10.826100,10.826100,0.016678,23461,16853636,__MPEGTS Stream ID

10.876122,10.876122,0.016678,47968,16902892,K_MPEGTS Stream ID

10.959544,10.892811,0.016678,71619,16956848,__MPEGTS Stream ID

10.892822,10.892822,0.016678,23990,17030168,__MPEGTS Stream ID

10.892833,10.892833,0.016678,19200,17054796,__MPEGTS Stream ID

10.942867,10.942867,0.016678,47341,17079800,__MPEGTS Stream ID

11.026289,10.959556,0.016678,31229,17147856,__MPEGTS Stream ID

10.959567,10.959567,0.016678,27926,17179816,__MPEGTS Stream ID

10.959578,10.959578,0.016678,15681,17208392,__MPEGTS Stream ID

11.009589,11.009589,0.016678,29591,17230388,__MPEGTS Stream ID

11.093011,11.026278,0.016678,23319,17265920,__MPEGTS Stream ID

11.026289,11.026289,0.016678,16614,17289796,__MPEGTS Stream ID

11.026300,11.026300,0.016678,10332,17306904,__MPEGTS Stream ID

11.076322,11.076322,0.016678,23157,17343940,__MPEGTS Stream ID

11.159744,11.093011,0.016678,22426,17367628,__MPEGTS Stream ID

11.093022,11.093022,0.016678,10744,17390564,__MPEGTS Stream ID

11.093033,11.093033,0.016678,8108,17401656,__MPEGTS Stream ID

11.143067,11.143067,0.016678,22693,17442076,__MPEGTS Stream ID

11.226489,11.159756,0.016678,21330,17465388,__MPEGTS Stream ID

11.159767,11.159767,0.016678,8743,17487384,__MPEGTS Stream ID

11.159778,11.159778,0.016678,7466,17496408,__MPEGTS Stream ID

11.209789,11.209789,0.016678,22211,17530436,__MPEGTS Stream ID

11.293211,11.226478,0.016678,22396,17558448,__MPEGTS Stream ID

11.226489,11.226489,0.016678,7810,17581384,__MPEGTS Stream ID

11.226500,11.226500,0.016678,21168,17589468,__MPEGTS Stream ID

11.276522,11.276522,0.016678,23460,17616916,__MPEGTS Stream ID

11.359944,11.293211,0.016678,23461,17662036,__MPEGTS Stream ID

11.293222,11.293222,0.016678,23461,17686100,__MPEGTS Stream ID

11.293233,11.293233,0.016678,23461,17710164,__MPEGTS Stream ID

11.343267,11.343267,0.016678,47723,17739868,K_MPEGTS Stream ID

11.426689,11.359956,0.016678,72343,17794012,__MPEGTS Stream ID

11.359967,11.359967,0.016678,23642,17868084,__MPEGTS Stream ID

11.359978,11.359978,0.016678,17319,17892336,__MPEGTS Stream ID

11.409989,11.409989,0.016678,47284,17936140,__MPEGTS Stream ID

11.493411,11.426678,0.016678,31601,17984644,__MPEGTS Stream ID

11.426689,11.426689,0.016678,27365,18016980,__MPEGTS Stream ID

11.426700,11.426700,0.016678,15232,18044992,__
