0,1.683611,3785,B
1,1.683633,17657,I
0,1.750356,3126,B
0,1.750378,5780,P
0,1.817078,2681,B
0,1.817100,9072,P
0,1.883811,2255,B
0,1.883833,9727,P
0,1.950556,1961,B
0,1.950578,9915,P
0,2.017278,2299,B
0,2.017300,10632,P
0,2.084011,2567,B
0,2.084033,10192,P
0,2.150756,5346,B
1,2.150778,19175,I
0,2.217478,2777,B
0,2.217500,10021,P
0,2.284211,2563,B
0,2.284233,9856,P
0,2.350956,2447,B
0,2.350978,9823,P
0,2.417678,2562,B
0,2.417700,10218,P
0,2.484411,4433,B
0,2.484433,11176,P
0,2.551156,4368,B
0,2.551178,11252,P
0,2.617878,5259,B
1,2.617900,19695,I
0,2.684611,4203,B
0,2.684633,10585,P
0,2.751356,2339,B
0,2.751378,9520,P
0,2.818078,2036,B
0,2.818100,9737,P
0,2.884811,2640,B
0,2.884833,10396,P
0,2.951556,4936,B
0,2.951578,11960,P
0,3.018278,4677,B
0,3.018300,11475,P
0,3.085011,4676,B
1,3.085033,20309,I
0,3.151756,2041,B
0,3.151778,9602,P
0,3.218478,2041,B
0,3.218500,9819,P
0,3.285211,3993,B
0,3.285233,11296,P
0,3.351956,4225,B
0,3.351978,11508,P
0,3.418678,4244,B
0,3.418700,10110,P
0,3.485411,2090,B
0,3.485433,9463,P
0,3.552156,4482,B
1,3.552178,20666,I
0,3.618878,4152,B
0,3.618900,10172,P
0,3.685611,1930,B
0,3.685633,8679,P
0,3.752356,2328,B
0,3.752378,9609,P
0,3.819078,4301,B
0,3.819100,11542,P
0,3.885811,2203,B
0,3.885833,9751,P
0,3.952556,2215,B
0,3.952578,9861,P
0,4.019278,4758,B
1,4.019300,22455,I
0,4.086011,4087,B
0,4.086033,10879,P
0,4.152756,2251,B
0,4.152778,10034,P
0,4.219478,4352,B
0,4.219500,10676,P
0,4.286211,4334,B
0,4.286233,10448,P
0,4.352956,1863,B
0,4.352978,8988,P
0,4.419678,2021,B
0,4.419700,9365,P
0,4.486411,5031,B
1,4.486433,22713,I
0,4.553156,4621,B
0,4.553178,9931,P
0,4.619878,4242,B
0,4.619900,10176,P
0,4.686611,2069,B
0,4.686633,9521,P
0,4.753356,1879,B
0,4.753378,9518,P
0,4.820078,4577,B
0,4.820100,10200,P
0,4.886811,4792,B
0,4.886833,10641,P
0,4.953556,4718,B
1,4.953578,23041,I
0,5.020278,1814,B
0,5.020300,9913,P
0,5.087011,2339,B
0,5.087033,9795,P
0,5.153756,4453,B
0,5.153778,10961,P
0,5.220478,4729,B
0,5.220500,10807,P
0,5.287211,4246,B
0,5.287233,10122,P
0,5.353956,2056,B
0,5.353978,9322,P
0,5.420678,4653,B
1,5.420700,22840,I
0,5.487411,4228,B
0,5.487433,9369,P
0,5.554156,4240,B
0,5.554178,9955,P
0,5.620878,4335,B
0,5.620900,9906,P
0,5.687611,3977,B
0,5.687633,9691,P
0,5.754356,2044,B
0,5.754378,9294,P
0,5.821078,2294,B
0,5.821100,13081,P
0,5.887811,4808,B
1,5.887833,22037,I
0,5.954556,4511,B
0,5.954578,10408,P
0,6.021278,4613,B
0,6.021300,10663,P
0,6.088011,4251,B
0,6.088033,10146,P
0,6.154756,4432,B
0,6.154778,10526,P
0,6.221478,4264,B
0,6.221500,9909,P
0,6.288211,4097,B
0,6.288233,10195,P
0,6.354956,4828,B
1,6.354978,20170,I
0,6.421678,4041,B
0,6.421700,10215,P
0,6.488411,4087,B
0,6.488433,9801,P
0,6.555156,3935,B
0,6.555178,9874,P
0,6.621878,3822,B
0,6.621900,9384,P
0,6.688611,3765,B
0,6.688633,9591,P
0,6.755356,4006,B
0,6.755378,10248,P
0,6.822078,4252,B
1,6.822100,20132,I
0,6.888811,1846,B
0,6.888833,8984,P
0,6.955556,1990,B
0,6.955578,9042,P
0,7.022278,2106,B
0,7.022300,9228,P
0,7.089011,2176,B
0,7.089033,10450,P
0,7.155756,2170,B
0,7.155778,9939,P
0,7.222478,2291,B
0,7.222500,10732,P
0,7.289211,5367,B
1,7.289233,19398,I
0,7.355956,2139,B
0,7.355978,9508,P
0,7.422678,2039,B
0,7.422700,8985,P
0,7.489411,2167,B
0,7.489433,9648,P
0,7.556156,2593,B
0,7.556178,12137,P
0,7.622878,5160,B
0,7.622900,13146,P
0,7.689611,4721,B
0,7.689633,11612,P
0,7.756356,4920,B
1,7.756378,20667,I
0,7.823078,4221,B
0,7.823100,10515,P
0,7.889811,4495,B
0,7.889833,10852,P
0,7.956556,4282,B
0,7.956578,10871,P
0,8.023278,4103,B
0,8.023300,10490,P
0,8.090011,1580,B
0,8.090033,8652,P
0,8.156756,2346,B
0,8.156778,8943,P
0,8.223478,5006,B
1,8.223500,22255,I
0,8.290211,2187,B
0,8.290233,10031,P
0,8.356956,2057,B
0,8.356978,10058,P
0,8.423678,4242,B
0,8.423700,10401,P
0,8.490411,4157,B
0,8.490433,10520,P
0,8.557156,2047,B
0,8.557178,9647,P
0,8.623878,1849,B
0,8.623900,10215,P
0,8.690611,4525,B
1,8.690633,20828,I
0,8.757356,4615,B
0,8.757378,10027,P
0,8.824078,4031,B
0,8.824100,10442,P
0,8.890811,1645,B
0,8.890833,8201,P
0,8.957556,4146,B
0,8.957578,10310,P
0,9.024278,2379,B
0,9.024300,9235,P
0,9.091011,2148,B
0,9.091033,14777,P
0,9.157756,4268,B
1,9.157778,21482,I
0,9.224478,4287,B
0,9.224500,11079,P
0,9.291211,4147,B
0,9.291233,10382,P
0,9.357956,4190,B
0,9.357978,10477,P
0,9.424678,4313,B
0,9.424700,10788,P
0,9.491411,4403,B
0,9.491433,10420,P
0,9.558156,4191,B
0,9.558178,10332,P
0,9.624878,4594,B
1,9.624900,20419,I
0,9.691611,4151,B
0,9.691633,9605,P
0,9.758356,2000,B
0,9.758378,9111,P
0,9.825078,2079,B
0,9.825100,9248,P
0,9.891811,2157,B
0,9.891833,10161,P
0,9.958556,2092,B
0,9.958578,10014,P
0,10.025278,1989,B
0,10.025300,10056,P
0,10.092011,5083,B
1,10.092033,21458,I
0,10.158756,2389,B
0,10.158778,10364,P
0,10.225478,2157,B
0,10.225500,10593,P
0,10.292211,2205,B
0,10.292233,10860,P
0,10.358956,2309,B
0,10.358978,10393,P
0,10.425678,1968,B
0,10.425700,11033,P
0,10.492411,2351,B
0,10.492433,10144,P
0,10.559156,5626,B
1,10.559178,22985,I
0,10.625878,4473,B
0,10.625900,15514,P
0,10.692611,798,B
0,10.692633,9563,P
0,10.759356,2259,B
0,10.759378,10578,P
0,10.826078,2569,B
0,10.826100,9584,P
0,10.892811,5329,B
0,10.892833,11814,P
0,10.959556,2418,B
0,10.959578,11543,P
0,11.026278,4936,B
1,11.026300,22235,I
0,11.093011,2511,B
0,11.093033,10392,P
0,11.159756,5431,B
0,11.159778,12438,P
0,11.226478,5703,B
0,11.226500,11976,P
0,11.293211,4591,B
0,11.293233,9852,P
0,11.359956,4206,B
0,11.359978,9248,P
0,11.426678,4205,B
0,11.426700,9345,P
0,N/A,1399,B
1,N/A,21312,I
0,N/A,4652,B
0,N/A,10191,P
