1.533467,1.400000,0.016678,17657,564,K_MPEGTS Stream ID

1.616889,1.550156,0.016678,2984,25192,__MPEGTS Stream ID

1.550167,1.550167,0.016678,3785,28388,__MPEGTS Stream ID

1.550178,1.550178,0.016678,3834,32336,__MPEGTS Stream ID

1.600189,1.600189,0.016678,5780,36284,__MPEGTS Stream ID

1.683611,1.616878,0.016678,5451,66364,__MPEGTS Stream ID

1.616889,1.616889,0.016678,3126,72004,__MPEGTS Stream ID

1.616900,1.616900,0.016678,2276,75388,__MPEGTS Stream ID

1.666922,1.666922,0.016678,9072,89112,__MPEGTS Stream ID

1.750344,1.683611,0.016678,8705,98512,__MPEGTS Stream ID

1.683622,1.683622,0.016678,2681,107536,__MPEGTS Stream ID

1.683633,1.683633,0.016678,2000,110356,__MPEGTS Stream ID

1.733667,1.733667,0.016678,9727,144008,__MPEGTS Stream ID

1.817089,1.750356,0.016678,9433,153972,__MPEGTS Stream ID

1.750367,1.750367,0.016678,2255,163748,__MPEGTS Stream ID

1.750378,1.750378,0.016678,1828,166192,__MPEGTS Stream ID

1.800389,1.800389,0.016678,9915,200220,__MPEGTS Stream ID

1.883811,1.817078,0.016678,9589,210372,__MPEGTS Stream ID

1.817089,1.817089,0.016678,1961,220336,__MPEGTS Stream ID

1.817100,1.817100,0.016678,2005,222404,__MPEGTS Stream ID

1.867122,1.867122,0.016678,10632,245528,__MPEGTS Stream ID

1.950544,1.883811,0.016678,9462,261696,__MPEGTS Stream ID

1.883822,1.883822,0.016678,2299,271472,__MPEGTS Stream ID

1.883833,1.883833,0.016678,1958,273916,__MPEGTS Stream ID

1.933867,1.933867,0.016678,10192,281812,__MPEGTS Stream ID

2.017289,1.950556,0.016678,5341,313396,__MPEGTS Stream ID

1.950567,1.950567,0.016678,2567,319036,__MPEGTS Stream ID

1.950578,1.950578,0.016678,2715,321856,__MPEGTS Stream ID

2.000589,2.000589,0.016678,19175,335580,K_MPEGTS Stream ID

2.084011,2.017278,0.016678,10916,355320,__MPEGTS Stream ID

2.017289,2.017289,0.016678,5346,366600,__MPEGTS Stream ID

2.017300,2.017300,0.016678,2036,372240,__MPEGTS Stream ID

2.067322,2.067322,0.016678,10021,405704,__MPEGTS Stream ID

2.150744,2.084011,0.016678,8693,416044,__MPEGTS Stream ID

2.084022,2.084022,0.016678,2777,425068,__MPEGTS Stream ID

2.084033,2.084033,0.016678,2199,428076,__MPEGTS Stream ID

2.134067,2.134067,0.016678,9856,450448,__MPEGTS Stream ID

2.217489,2.150756,0.016678,8617,471128,__MPEGTS Stream ID

2.150767,2.150767,0.016678,2563,479964,__MPEGTS Stream ID

2.150778,2.150778,0.016678,2175,482784,__MPEGTS Stream ID

2.200789,2.200789,0.016678,9823,485040,__MPEGTS Stream ID

2.284211,2.217478,0.016678,9037,516248,__MPEGTS Stream ID

2.217489,2.217489,0.016678,2447,525648,__MPEGTS Stream ID

2.217500,2.217500,0.016678,2236,528280,__MPEGTS Stream ID

2.267522,2.267522,0.016678,10218,541628,__MPEGTS Stream ID

2.350944,2.284211,0.016678,5153,552156,__MPEGTS Stream ID

2.284222,2.284222,0.016678,2562,557608,__MPEGTS Stream ID

2.284233,2.284233,0.016678,4503,560428,__MPEGTS Stream ID

2.334267,2.334267,0.016678,11176,596712,__MPEGTS Stream ID

2.417689,2.350956,0.016678,4968,608180,__MPEGTS Stream ID

2.350967,2.350967,0.016678,4433,613444,__MPEGTS Stream ID

2.350978,2.350978,0.016678,4722,618144,__MPEGTS Stream ID

2.400989,2.400989,0.016678,11252,654616,__MPEGTS Stream ID

2.484411,2.417678,0.016678,4773,666272,__MPEGTS Stream ID

2.417689,2.417689,0.016678,4368,671348,__MPEGTS Stream ID

2.417700,2.417700,0.016678,4129,675860,__MPEGTS Stream ID

2.467722,2.467722,0.016678,19695,700300,K_MPEGTS Stream ID

2.551144,2.484411,0.016678,6412,730756,__MPEGTS Stream ID

2.484422,2.484422,0.016678,5259,737336,__MPEGTS Stream ID

2.484433,2.484433,0.016678,4941,742788,__MPEGTS Stream ID

2.534467,2.534467,0.016678,10585,747864,__MPEGTS Stream ID

2.617889,2.551156,0.016678,8472,778320,__MPEGTS Stream ID

2.551167,2.551167,0.016678,4203,787156,__MPEGTS Stream ID

2.551178,2.551178,0.016678,2159,791480,__MPEGTS Stream ID

2.601189,2.601189,0.016678,9520,804640,__MPEGTS Stream ID

2.684611,2.617878,0.016678,8946,814416,__MPEGTS Stream ID

2.617889,2.617889,0.016678,2339,823628,__MPEGTS Stream ID

2.617900,2.617900,0.016678,1824,826072,__MPEGTS Stream ID

2.667922,2.667922,0.016678,9737,859536,__MPEGTS Stream ID

2.751344,2.684611,0.016678,8971,869500,__MPEGTS Stream ID

2.684622,2.684622,0.016678,2036,878712,__MPEGTS Stream ID

2.684633,2.684633,0.016678,1896,880968,__MPEGTS Stream ID

2.734667,2.734667,0.016678,10396,904468,__MPEGTS Stream ID

2.818089,2.751356,0.016678,5361,925712,__MPEGTS Stream ID

2.751367,2.751367,0.016678,2640,931352,__MPEGTS Stream ID

2.751378,2.751378,0.016678,4381,934172,__MPEGTS Stream ID

2.801389,2.801389,0.016678,11960,938684,__MPEGTS Stream ID

2.884811,2.818078,0.016678,6004,972148,__MPEGTS Stream ID

2.818089,2.818089,0.016678,4936,978352,__MPEGTS Stream ID

2.818100,2.818100,0.016678,4889,983428,__MPEGTS Stream ID

2.868122,2.868122,0.016678,11475,999408,__MPEGTS Stream ID

2.951544,2.884811,0.016678,5149,1011252,__MPEGTS Stream ID

2.884822,2.884822,0.016678,4677,1016704,__MPEGTS Stream ID

2.884833,2.884833,0.016678,4357,1021592,__MPEGTS Stream ID

2.934867,2.934867,0.016678,20309,1058064,K_MPEGTS Stream ID

3.018289,2.951556,0.016678,12872,1078932,__MPEGTS Stream ID

2.951567,2.951567,0.016678,4676,1092280,__MPEGTS Stream ID

2.951578,2.951578,0.016678,4718,1097168,__MPEGTS Stream ID

3.001589,3.001589,0.016678,9602,1128564,__MPEGTS Stream ID

3.085011,3.018278,0.016678,9266,1144544,__MPEGTS Stream ID

3.018289,3.018289,0.016678,2041,1154132,__MPEGTS Stream ID

3.018300,3.018300,0.016678,1896,1156388,__MPEGTS Stream ID

3.068322,3.068322,0.016678,9819,1158832,__MPEGTS Stream ID

3.151744,3.085011,0.016678,5848,1198312,__MPEGTS Stream ID

3.085022,3.085022,0.016678,2041,1204328,__MPEGTS Stream ID

3.085033,3.085033,0.016678,4423,1206584,__MPEGTS Stream ID

3.135067,3.135067,0.016678,11296,1216548,__MPEGTS Stream ID

3.218489,3.151756,0.016678,5129,1228204,__MPEGTS Stream ID

3.151767,3.151767,0.016678,3993,1233656,__MPEGTS Stream ID

3.151778,3.151778,0.016678,4456,1237792,__MPEGTS Stream ID

3.201789,3.201789,0.016678,11508,1274076,__MPEGTS Stream ID

3.285211,3.218478,0.016678,5115,1285920,__MPEGTS Stream ID

3.218489,3.218489,0.016678,4225,1291184,__MPEGTS Stream ID

3.218500,3.218500,0.016678,4105,1295696,__MPEGTS Stream ID

3.268522,3.268522,0.016678,10110,1324836,__MPEGTS Stream ID

3.351944,3.285211,0.016678,9100,1340628,__MPEGTS Stream ID

3.285222,3.285222,0.016678,4244,1350028,__MPEGTS Stream ID

3.285233,3.285233,0.016678,1816,1354540,__MPEGTS Stream ID

3.335267,3.335267,0.016678,9463,1383116,__MPEGTS Stream ID

3.418689,3.351956,0.016678,9507,1392892,__MPEGTS Stream ID

3.351967,3.351967,0.016678,2090,1402668,__MPEGTS Stream ID

3.351978,3.351978,0.016678,1915,1404924,__MPEGTS Stream ID

3.401989,3.401989,0.016678,20666,1412256,K_MPEGTS Stream ID

3.485411,3.418678,0.016678,7136,1433500,__MPEGTS Stream ID

3.418689,3.418689,0.016678,4482,1440832,__MPEGTS Stream ID

3.418700,3.418700,0.016678,4459,1445532,__MPEGTS Stream ID

3.468722,3.468722,0.016678,10172,1480312,__MPEGTS Stream ID

3.552144,3.485411,0.016678,8878,1490840,__MPEGTS Stream ID

3.485422,3.485422,0.016678,4152,1500052,__MPEGTS Stream ID

3.485433,3.485433,0.016678,4211,1504376,__MPEGTS Stream ID

3.535467,3.535467,0.016678,8679,1540848,__MPEGTS Stream ID

3.618889,3.552156,0.016678,8643,1549872,__MPEGTS Stream ID

3.552167,3.552167,0.016678,1930,1558896,__MPEGTS Stream ID

3.552178,3.552178,0.016678,1910,1560964,__MPEGTS Stream ID

3.602189,3.602189,0.016678,9609,1589352,__MPEGTS Stream ID

3.685611,3.618878,0.016678,4829,1604580,__MPEGTS Stream ID

3.618889,3.618889,0.016678,2328,1609656,__MPEGTS Stream ID

3.618900,3.618900,0.016678,4260,1612100,__MPEGTS Stream ID

3.668922,3.668922,0.016678,11542,1616988,__MPEGTS Stream ID

3.752344,3.685611,0.016678,9141,1655152,__MPEGTS Stream ID

3.685622,3.685622,0.016678,4301,1664552,__MPEGTS Stream ID

3.685633,3.685633,0.016678,4620,1669064,__MPEGTS Stream ID

3.735667,3.735667,0.016678,9751,1679216,__MPEGTS Stream ID

3.819089,3.752356,0.016678,9417,1689368,__MPEGTS Stream ID

3.752367,3.752367,0.016678,2203,1699144,__MPEGTS Stream ID

3.752378,3.752378,0.016678,1724,1701588,__MPEGTS Stream ID

3.802389,3.802389,0.016678,9861,1735428,__MPEGTS Stream ID

3.885811,3.819078,0.016678,5836,1745580,__MPEGTS Stream ID

3.819089,3.819089,0.016678,2215,1751596,__MPEGTS Stream ID

3.819100,3.819100,0.016678,4409,1754040,__MPEGTS Stream ID

3.869122,3.869122,0.016678,22455,1790700,K_MPEGTS Stream ID

3.952544,3.885811,0.016678,6748,1813824,__MPEGTS Stream ID

3.885822,3.885822,0.016678,4758,1820780,__MPEGTS Stream ID

3.885833,3.885833,0.016678,5097,1825668,__MPEGTS Stream ID

3.935867,3.935867,0.016678,10879,1857252,__MPEGTS Stream ID

4.019289,3.952556,0.016678,8995,1873420,__MPEGTS Stream ID

3.952567,3.952567,0.016678,4087,1882820,__MPEGTS Stream ID

3.952578,3.952578,0.016678,2086,1887144,__MPEGTS Stream ID

4.002589,4.002589,0.016678,10034,1889776,__MPEGTS Stream ID

4.086011,4.019278,0.016678,5566,1924932,__MPEGTS Stream ID

4.019289,4.019289,0.016678,2251,1930760,__MPEGTS Stream ID

4.019300,4.019300,0.016678,4293,1933204,__MPEGTS Stream ID

4.069322,4.069322,0.016678,10676,1943168,__MPEGTS Stream ID

4.152744,4.086011,0.016678,5194,1954260,__MPEGTS Stream ID

4.086022,4.086022,0.016678,4352,1959712,__MPEGTS Stream ID

4.086033,4.086033,0.016678,4362,1964224,__MPEGTS Stream ID

4.136067,4.136067,0.016678,10448,2000320,__MPEGTS Stream ID

4.219489,4.152756,0.016678,9026,2011036,__MPEGTS Stream ID

4.152767,4.152767,0.016678,4334,2020436,__MPEGTS Stream ID

4.152778,4.152778,0.016678,4132,2024948,__MPEGTS Stream ID

4.202789,4.202789,0.016678,8988,2054088,__MPEGTS Stream ID

4.286211,4.219478,0.016678,8812,2068564,__MPEGTS Stream ID

4.219489,4.219489,0.016678,1863,2077588,__MPEGTS Stream ID

4.219500,4.219500,0.016678,1862,2079656,__MPEGTS Stream ID

4.269522,4.269522,0.016678,9365,2082100,__MPEGTS Stream ID

4.352944,4.286211,0.016678,8986,2118008,__MPEGTS Stream ID

4.286222,4.286222,0.016678,2021,2127220,__MPEGTS Stream ID

4.286233,4.286233,0.016678,1797,2129476,__MPEGTS Stream ID

4.336267,4.336267,0.016678,22713,2136996,K_MPEGTS Stream ID

4.419689,4.352956,0.016678,7763,2160308,__MPEGTS Stream ID

4.352967,4.352967,0.016678,5031,2168392,__MPEGTS Stream ID

4.352978,4.352978,0.016678,4613,2173656,__MPEGTS Stream ID

4.402989,4.402989,0.016678,9931,2210880,__MPEGTS Stream ID

4.486411,4.419678,0.016678,5414,2221220,__MPEGTS Stream ID

4.419689,4.419689,0.016678,4621,2226860,__MPEGTS Stream ID

4.419700,4.419700,0.016678,4328,2231748,__MPEGTS Stream ID

4.469722,4.469722,0.016678,10176,2265964,__MPEGTS Stream ID

4.553144,4.486411,0.016678,9097,2281756,__MPEGTS Stream ID

4.486422,4.486422,0.016678,4242,2291156,__MPEGTS Stream ID

4.486433,4.486433,0.016678,1799,2295668,__MPEGTS Stream ID

4.536467,4.536467,0.016678,9521,2302812,__MPEGTS Stream ID

4.619889,4.553156,0.016678,9224,2333644,__MPEGTS Stream ID

4.553167,4.553167,0.016678,2069,2343232,__MPEGTS Stream ID

4.553178,4.553178,0.016678,1683,2345488,__MPEGTS Stream ID

4.603189,4.603189,0.016678,9518,2353196,__MPEGTS Stream ID

4.686611,4.619878,0.016678,9157,2368236,__MPEGTS Stream ID

4.619889,4.619889,0.016678,1879,2377636,__MPEGTS Stream ID

4.619900,4.619900,0.016678,1584,2379704,__MPEGTS Stream ID

4.669922,4.669922,0.016678,10200,2407340,__MPEGTS Stream ID

4.753344,4.686611,0.016678,6115,2417868,__MPEGTS Stream ID

4.686622,4.686622,0.016678,4577,2424260,__MPEGTS Stream ID

4.686633,4.686633,0.016678,4524,2428960,__MPEGTS Stream ID

4.736667,4.736667,0.016678,10641,2458852,__MPEGTS Stream ID

4.820089,4.753356,0.016678,5309,2475020,__MPEGTS Stream ID

4.753367,4.753367,0.016678,4792,2480472,__MPEGTS Stream ID

4.753378,4.753378,0.016678,4801,2485548,__MPEGTS Stream ID

4.803389,4.803389,0.016678,23041,2496264,K_MPEGTS Stream ID

4.886811,4.820078,0.016678,13529,2541008,__MPEGTS Stream ID

4.820089,4.820089,0.016678,4718,2554920,__MPEGTS Stream ID

4.820100,4.820100,0.016678,1714,2559808,__MPEGTS Stream ID

4.870122,4.870122,0.016678,9913,2566952,__MPEGTS Stream ID

4.953544,4.886811,0.016678,9572,2582368,__MPEGTS Stream ID

4.886822,4.886822,0.016678,1814,2592332,__MPEGTS Stream ID

4.886833,4.886833,0.016678,1750,2594212,__MPEGTS Stream ID

4.936867,4.936867,0.016678,9795,2622412,__MPEGTS Stream ID

5.020289,4.953556,0.016678,5709,2632564,__MPEGTS Stream ID

4.953567,4.953567,0.016678,2339,2638580,__MPEGTS Stream ID

4.953578,4.953578,0.016678,4615,2641024,__MPEGTS Stream ID

5.003589,5.003589,0.016678,10961,2675616,__MPEGTS Stream ID

5.087011,5.020278,0.016678,5221,2686896,__MPEGTS Stream ID

5.020289,5.020289,0.016678,4453,2692348,__MPEGTS Stream ID

5.020300,5.020300,0.016678,4610,2697048,__MPEGTS Stream ID

5.070322,5.070322,0.016678,10807,2727128,__MPEGTS Stream ID

5.153744,5.087011,0.016678,4934,2743484,__MPEGTS Stream ID

5.087022,5.087022,0.016678,4729,2748560,__MPEGTS Stream ID

5.087033,5.087033,0.016678,4770,2753448,__MPEGTS Stream ID

5.137067,5.137067,0.016678,10122,2763788,__MPEGTS Stream ID

5.220489,5.153756,0.016678,8772,2795372,__MPEGTS Stream ID

5.153767,5.153767,0.016678,4246,2804396,__MPEGTS Stream ID

5.153778,5.153778,0.016678,1941,2808908,__MPEGTS Stream ID

5.203789,5.203789,0.016678,9322,2816616,__MPEGTS Stream ID

5.287211,5.220478,0.016678,9073,2831468,__MPEGTS Stream ID

5.220489,5.220489,0.016678,2056,2840868,__MPEGTS Stream ID

5.220500,5.220500,0.016678,1701,2843124,__MPEGTS Stream ID

5.270522,5.270522,0.016678,22840,2871700,K_MPEGTS Stream ID

5.353944,5.287211,0.016678,7363,2895200,__MPEGTS Stream ID

5.287222,5.287222,0.016678,4653,2902908,__MPEGTS Stream ID

5.287233,5.287233,0.016678,4538,2907796,__MPEGTS Stream ID

5.337267,5.337267,0.016678,9369,2938816,__MPEGTS Stream ID

5.420689,5.353956,0.016678,5166,2953668,__MPEGTS Stream ID

5.353967,5.353967,0.016678,4228,2959120,__MPEGTS Stream ID

5.353978,5.353978,0.016678,4180,2963632,__MPEGTS Stream ID

5.403989,5.403989,0.016678,9955,2973596,__MPEGTS Stream ID

5.487411,5.420678,0.016678,4914,3004992,__MPEGTS Stream ID

5.420689,5.420689,0.016678,4240,3010068,__MPEGTS Stream ID

5.420700,5.420700,0.016678,4217,3014580,__MPEGTS Stream ID

5.470722,5.470722,0.016678,9906,3030184,__MPEGTS Stream ID

5.554144,5.487411,0.016678,4621,3040336,__MPEGTS Stream ID

5.487422,5.487422,0.016678,4335,3045224,__MPEGTS Stream ID

5.487433,5.487433,0.016678,4389,3049736,__MPEGTS Stream ID

5.537467,5.537467,0.016678,9691,3083952,__MPEGTS Stream ID

5.620889,5.554156,0.016678,8348,3099180,__MPEGTS Stream ID

5.554167,5.554167,0.016678,3977,3107828,__MPEGTS Stream ID

5.554178,5.554178,0.016678,1792,3111964,__MPEGTS Stream ID

5.604189,5.604189,0.016678,9294,3134900,__MPEGTS Stream ID

5.687611,5.620878,0.016678,8894,3149376,__MPEGTS Stream ID

5.620889,5.620889,0.016678,2044,3158588,__MPEGTS Stream ID

5.620900,5.620900,0.016678,1593,3160844,__MPEGTS Stream ID

5.670922,5.670922,0.016678,13081,3168364,__MPEGTS Stream ID

5.754344,5.687611,0.016678,5567,3201452,__MPEGTS Stream ID

5.687622,5.687622,0.016678,2294,3207280,__MPEGTS Stream ID

5.687633,5.687633,0.016678,4112,3209724,__MPEGTS Stream ID

5.737667,5.737667,0.016678,22037,3224952,K_MPEGTS Stream ID

5.821089,5.754356,0.016678,12944,3247512,__MPEGTS Stream ID

5.754367,5.754367,0.016678,4808,3260860,__MPEGTS Stream ID

5.754378,5.754378,0.016678,2018,3265936,__MPEGTS Stream ID

5.804389,5.804389,0.016678,10408,3294512,__MPEGTS Stream ID

5.887811,5.821078,0.016678,5226,3310492,__MPEGTS Stream ID

5.821089,5.821089,0.016678,4511,3315944,__MPEGTS Stream ID

5.821100,5.821100,0.016678,4080,3320644,__MPEGTS Stream ID

5.871122,5.871122,0.016678,10663,3346400,__MPEGTS Stream ID

5.954544,5.887811,0.016678,5055,3362380,__MPEGTS Stream ID

5.887822,5.887822,0.016678,4613,3367644,__MPEGTS Stream ID

5.887833,5.887833,0.016678,4485,3372532,__MPEGTS Stream ID

5.937867,5.937867,0.016678,10146,3402048,__MPEGTS Stream ID

6.021289,5.954556,0.016678,4544,3412576,__MPEGTS Stream ID

5.954567,5.954567,0.016678,4251,3417276,__MPEGTS Stream ID

5.954578,5.954578,0.016678,4149,3421788,__MPEGTS Stream ID

6.004589,6.004589,0.016678,10526,3436640,__MPEGTS Stream ID

6.088011,6.021278,0.016678,4569,3447544,__MPEGTS Stream ID

6.021289,6.021289,0.016678,4432,3452244,__MPEGTS Stream ID

6.021300,6.021300,0.016678,4425,3456944,__MPEGTS Stream ID

6.071322,6.071322,0.016678,9909,3491724,__MPEGTS Stream ID

6.154744,6.088011,0.016678,4534,3501876,__MPEGTS Stream ID

6.088022,6.088022,0.016678,4264,3506576,__MPEGTS Stream ID

6.088033,6.088033,0.016678,4201,3511088,__MPEGTS Stream ID

6.138067,6.138067,0.016678,10195,3542108,__MPEGTS Stream ID

6.221489,6.154756,0.016678,4515,3557900,__MPEGTS Stream ID

6.154767,6.154767,0.016678,4097,3562600,__MPEGTS Stream ID

6.154778,6.154778,0.016678,4186,3566924,__MPEGTS Stream ID

6.204789,6.204789,0.016678,20170,3592868,K_MPEGTS Stream ID

6.288211,6.221478,0.016678,6611,3618436,__MPEGTS Stream ID

6.221489,6.221489,0.016678,4828,3625392,__MPEGTS Stream ID

6.221500,6.221500,0.016678,4904,3630468,__MPEGTS Stream ID

6.271522,6.271522,0.016678,10215,3640808,__MPEGTS Stream ID

6.354944,6.288211,0.016678,4489,3670888,__MPEGTS Stream ID

6.288222,6.288222,0.016678,4041,3675588,__MPEGTS Stream ID

6.288233,6.288233,0.016678,4055,3679912,__MPEGTS Stream ID

6.338267,6.338267,0.016678,9801,3694764,__MPEGTS Stream ID

6.421689,6.354956,0.016678,4428,3704916,__MPEGTS Stream ID

6.354967,6.354967,0.016678,4087,3709616,__MPEGTS Stream ID

6.354978,6.354978,0.016678,4047,3713940,__MPEGTS Stream ID

6.404989,6.404989,0.016678,9874,3743080,__MPEGTS Stream ID

6.488411,6.421678,0.016678,4405,3758496,__MPEGTS Stream ID

6.421689,6.421689,0.016678,3935,3763196,__MPEGTS Stream ID

6.421700,6.421700,0.016678,4009,3767332,__MPEGTS Stream ID

6.471722,6.471722,0.016678,9384,3798164,__MPEGTS Stream ID

6.555144,6.488411,0.016678,4306,3807940,__MPEGTS Stream ID

6.488422,6.488422,0.016678,3822,3812452,__MPEGTS Stream ID

6.488433,6.488433,0.016678,3901,3816400,__MPEGTS Stream ID

6.538467,6.538467,0.016678,9591,3846856,__MPEGTS Stream ID

6.621889,6.555156,0.016678,4376,3862084,__MPEGTS Stream ID

6.555167,6.555167,0.016678,3765,3866596,__MPEGTS Stream ID

6.555178,6.555178,0.016678,2474,3870544,__MPEGTS Stream ID

6.605189,6.605189,0.016678,10248,3878816,__MPEGTS Stream ID

6.688611,6.621878,0.016678,8570,3910400,__MPEGTS Stream ID

6.621889,6.621889,0.016678,4006,3919236,__MPEGTS Stream ID

6.621900,6.621900,0.016678,4060,3923372,__MPEGTS Stream ID

6.671922,6.671922,0.016678,20132,3938600,K_MPEGTS Stream ID

6.755344,6.688611,0.016678,12142,3959280,__MPEGTS Stream ID

6.688622,6.688622,0.016678,4252,3971876,__MPEGTS Stream ID

6.688633,6.688633,0.016678,1641,3976388,__MPEGTS Stream ID

6.738667,6.738667,0.016678,8984,4004588,__MPEGTS Stream ID

6.822089,6.755356,0.016678,8039,4019064,__MPEGTS Stream ID

6.755367,6.755367,0.016678,1846,4027336,__MPEGTS Stream ID

6.755378,6.755378,0.016678,1928,4029404,__MPEGTS Stream ID

6.805389,6.805389,0.016678,9042,4052904,__MPEGTS Stream ID

6.888811,6.822078,0.016678,8339,4067192,__MPEGTS Stream ID

6.822089,6.822089,0.016678,1990,4075840,__MPEGTS Stream ID

6.822100,6.822100,0.016678,1752,4077908,__MPEGTS Stream ID

6.872122,6.872122,0.016678,9228,4085052,__MPEGTS Stream ID

6.955544,6.888811,0.016678,8269,4114192,__MPEGTS Stream ID

6.888822,6.888822,0.016678,2106,4122840,__MPEGTS Stream ID

6.888833,6.888833,0.016678,1662,4125096,__MPEGTS Stream ID

6.938867,6.938867,0.016678,10450,4137880,__MPEGTS Stream ID

7.022289,6.955556,0.016678,8916,4148596,__MPEGTS Stream ID

6.955567,6.955567,0.016678,2176,4157808,__MPEGTS Stream ID

6.955578,6.955578,0.016678,1889,4160064,__MPEGTS Stream ID

7.005589,7.005589,0.016678,9939,4193716,__MPEGTS Stream ID

7.089011,7.022278,0.016678,10264,4204056,__MPEGTS Stream ID

7.022289,7.022289,0.016678,2170,4214584,__MPEGTS Stream ID

7.022300,7.022300,0.016678,1804,4216840,__MPEGTS Stream ID

7.072322,7.072322,0.016678,10732,4245040,__MPEGTS Stream ID

7.155744,7.089011,0.016678,9711,4256132,__MPEGTS Stream ID

7.089022,7.089022,0.016678,2291,4266096,__MPEGTS Stream ID

7.089033,7.089033,0.016678,2108,4268540,__MPEGTS Stream ID

7.139067,7.139067,0.016678,19398,4295988,K_MPEGTS Stream ID

7.222489,7.155756,0.016678,14495,4321180,__MPEGTS Stream ID

7.155767,7.155767,0.016678,5367,4336032,__MPEGTS Stream ID

7.155778,7.155778,0.016678,1716,4341672,__MPEGTS Stream ID

7.205789,7.205789,0.016678,9508,4348816,__MPEGTS Stream ID

7.289211,7.222478,0.016678,9468,4379648,__MPEGTS Stream ID

7.222489,7.222489,0.016678,2139,4389424,__MPEGTS Stream ID

7.222500,7.222500,0.016678,1850,4391680,__MPEGTS Stream ID

7.272522,7.272522,0.016678,8985,4404464,__MPEGTS Stream ID

7.355944,7.289211,0.016678,8313,4413676,__MPEGTS Stream ID

7.289222,7.289222,0.016678,2039,4422324,__MPEGTS Stream ID

7.289233,7.289233,0.016678,2239,4424580,__MPEGTS Stream ID

7.339267,7.339267,0.016678,9648,4451840,__MPEGTS Stream ID

7.422689,7.355956,0.016678,9703,4467068,__MPEGTS Stream ID

7.355967,7.355967,0.016678,2167,4477032,__MPEGTS Stream ID

7.355978,7.355978,0.016678,1777,4479288,__MPEGTS Stream ID

7.405989,7.405989,0.016678,12137,4502600,__MPEGTS Stream ID

7.489411,7.422678,0.016678,5313,4515196,__MPEGTS Stream ID

7.422689,7.422689,0.016678,2593,4520648,__MPEGTS Stream ID

7.422700,7.422700,0.016678,4899,4523468,__MPEGTS Stream ID

7.472722,7.472722,0.016678,13146,4539824,__MPEGTS Stream ID

7.556144,7.489411,0.016678,4994,4553360,__MPEGTS Stream ID

7.489422,7.489422,0.016678,5160,4558624,__MPEGTS Stream ID

7.489433,7.489433,0.016678,4931,4564076,__MPEGTS Stream ID

7.539467,7.539467,0.016678,11612,4604120,__MPEGTS Stream ID

7.622889,7.556156,0.016678,4604,4616152,__MPEGTS Stream ID

7.556167,7.556167,0.016678,4721,4621040,__MPEGTS Stream ID

7.556178,7.556178,0.016678,4675,4625928,__MPEGTS Stream ID

7.606189,7.606189,0.016678,20667,4662776,K_MPEGTS Stream ID

7.689611,7.622878,0.016678,5925,4684020,__MPEGTS Stream ID

7.622889,7.622889,0.016678,4920,4690224,__MPEGTS Stream ID

7.622900,7.622900,0.016678,4957,4695300,__MPEGTS Stream ID

7.672922,7.672922,0.016678,10515,4721620,__MPEGTS Stream ID

7.756344,7.689611,0.016678,4324,4743052,__MPEGTS Stream ID

7.689622,7.689622,0.016678,4221,4747564,__MPEGTS Stream ID

7.689633,7.689633,0.016678,4273,4752076,__MPEGTS Stream ID

7.739667,7.739667,0.016678,10852,4756964,__MPEGTS Stream ID

7.823089,7.756356,0.016678,4571,4789300,__MPEGTS Stream ID

7.756367,7.756367,0.016678,4495,4794000,__MPEGTS Stream ID

7.756378,7.756378,0.016678,4481,4798700,__MPEGTS Stream ID

7.806389,7.806389,0.016678,10871,4813740,__MPEGTS Stream ID

7.889811,7.823078,0.016678,4528,4825020,__MPEGTS Stream ID

7.823089,7.823089,0.016678,4282,4829720,__MPEGTS Stream ID

7.823100,7.823100,0.016678,4183,4834232,__MPEGTS Stream ID

7.873122,7.873122,0.016678,10490,4869012,__MPEGTS Stream ID

7.956544,7.889811,0.016678,14201,4879916,__MPEGTS Stream ID

7.889822,7.889822,0.016678,4103,4894580,__MPEGTS Stream ID

7.889833,7.889833,0.016678,3868,4898904,__MPEGTS Stream ID

7.939867,7.939867,0.016678,8652,4924096,__MPEGTS Stream ID

8.023289,7.956556,0.016678,8205,4943648,__MPEGTS Stream ID

7.956567,7.956567,0.016678,1580,4952108,__MPEGTS Stream ID

7.956578,7.956578,0.016678,698,4953800,__MPEGTS Stream ID

8.006589,8.006589,0.016678,8943,4954928,__MPEGTS Stream ID

8.090011,8.023278,0.016678,4962,4985196,__MPEGTS Stream ID

8.023289,8.023289,0.016678,2346,4990460,__MPEGTS Stream ID

8.023300,8.023300,0.016678,2641,4992904,__MPEGTS Stream ID

8.073322,8.073322,0.016678,22255,5006252,K_MPEGTS Stream ID

8.156744,8.090011,0.016678,14507,5029188,__MPEGTS Stream ID

8.090022,8.090022,0.016678,5006,5044040,__MPEGTS Stream ID

8.090033,8.090033,0.016678,1877,5049304,__MPEGTS Stream ID

8.140067,8.140067,0.016678,10031,5081452,__MPEGTS Stream ID

8.223489,8.156756,0.016678,8928,5091792,__MPEGTS Stream ID

8.156767,8.156767,0.016678,2187,5101004,__MPEGTS Stream ID

8.156778,8.156778,0.016678,1966,5103260,__MPEGTS Stream ID

8.206789,8.206789,0.016678,10058,5137288,__MPEGTS Stream ID

8.290211,8.223478,0.016678,5149,5147628,__MPEGTS Stream ID

8.223489,8.223489,0.016678,2057,5153080,__MPEGTS Stream ID

8.223500,8.223500,0.016678,4422,5155336,__MPEGTS Stream ID

8.273522,8.273522,0.016678,10401,5181092,__MPEGTS Stream ID

8.356944,8.290211,0.016678,4634,5202336,__MPEGTS Stream ID

8.290222,8.290222,0.016678,4242,5207224,__MPEGTS Stream ID

8.290233,8.290233,0.016678,4498,5211736,__MPEGTS Stream ID

8.340267,8.340267,0.016678,10520,5217000,__MPEGTS Stream ID

8.423689,8.356956,0.016678,8111,5248960,__MPEGTS Stream ID

8.356967,8.356967,0.016678,4157,5257420,__MPEGTS Stream ID

8.356978,8.356978,0.016678,1512,5261744,__MPEGTS Stream ID

8.406989,8.406989,0.016678,9647,5273964,__MPEGTS Stream ID

8.490411,8.423678,0.016678,8543,5283928,__MPEGTS Stream ID

8.423689,8.423689,0.016678,2047,5292764,__MPEGTS Stream ID

8.423700,8.423700,0.016678,1655,5295020,__MPEGTS Stream ID

8.473722,8.473722,0.016678,10215,5328484,__MPEGTS Stream ID

8.557144,8.490411,0.016678,8670,5339012,__MPEGTS Stream ID

8.490422,8.490422,0.016678,1849,5348036,__MPEGTS Stream ID

8.490433,8.490433,0.016678,1720,5350104,__MPEGTS Stream ID

8.540467,8.540467,0.016678,20828,5382440,K_MPEGTS Stream ID

8.623889,8.557156,0.016678,14149,5403872,__MPEGTS Stream ID

8.557167,8.557167,0.016678,4525,5418536,__MPEGTS Stream ID

8.557178,8.557178,0.016678,1562,5423236,__MPEGTS Stream ID

8.607189,8.607189,0.016678,10027,5445984,__MPEGTS Stream ID

8.690611,8.623878,0.016678,5314,5461212,__MPEGTS Stream ID

8.623889,8.623889,0.016678,4615,5466664,__MPEGTS Stream ID

8.623900,8.623900,0.016678,4177,5471552,__MPEGTS Stream ID

8.673922,8.673922,0.016678,10442,5481516,__MPEGTS Stream ID

8.757344,8.690611,0.016678,14054,5511784,__MPEGTS Stream ID

8.690622,8.690622,0.016678,4031,5526260,__MPEGTS Stream ID

8.690633,8.690633,0.016678,3883,5530584,__MPEGTS Stream ID

8.740667,8.740667,0.016678,8201,5545248,__MPEGTS Stream ID

8.824089,8.757356,0.016678,4463,5553708,__MPEGTS Stream ID

8.757367,8.757367,0.016678,1645,5558408,__MPEGTS Stream ID

8.757378,8.757378,0.016678,771,5560288,__MPEGTS Stream ID

8.807389,8.807389,0.016678,10310,5593188,__MPEGTS Stream ID

8.890811,8.824078,0.016678,8928,5603904,__MPEGTS Stream ID

8.824089,8.824089,0.016678,4146,5613116,__MPEGTS Stream ID

8.824100,8.824100,0.016678,2168,5617440,__MPEGTS Stream ID

8.874122,8.874122,0.016678,9235,5640940,__MPEGTS Stream ID

8.957544,8.890811,0.016678,9130,5661056,__MPEGTS Stream ID

8.890822,8.890822,0.016678,2379,5670456,__MPEGTS Stream ID

8.890833,8.890833,0.016678,1972,5673088,__MPEGTS Stream ID

8.940867,8.940867,0.016678,14777,5675532,__MPEGTS Stream ID

9.024289,8.957556,0.016678,5217,5711816,__MPEGTS Stream ID

8.957567,8.957567,0.016678,2148,5717268,__MPEGTS Stream ID

8.957578,8.957578,0.016678,4260,5719524,__MPEGTS Stream ID

9.007589,9.007589,0.016678,21482,5734940,K_MPEGTS Stream ID

9.091011,9.024278,0.016678,13339,5756936,__MPEGTS Stream ID

9.024289,9.024289,0.016678,4268,5770660,__MPEGTS Stream ID

9.024300,9.024300,0.016678,1516,5775172,__MPEGTS Stream ID

9.074322,9.074322,0.016678,11079,5808072,__MPEGTS Stream ID

9.157744,9.091011,0.016678,4948,5819540,__MPEGTS Stream ID

9.091022,9.091022,0.016678,4287,5824616,__MPEGTS Stream ID

9.091033,9.091033,0.016678,4109,5829128,__MPEGTS Stream ID

9.141067,9.141067,0.016678,10382,5863908,__MPEGTS Stream ID

9.224489,9.157756,0.016678,4705,5874624,__MPEGTS Stream ID

9.157767,9.157767,0.016678,4147,5879512,__MPEGTS Stream ID

9.157778,9.157778,0.016678,4216,5883836,__MPEGTS Stream ID

9.207789,9.207789,0.016678,10477,5909216,__MPEGTS Stream ID

9.291211,9.224478,0.016678,4554,5930648,__MPEGTS Stream ID

9.224489,9.224489,0.016678,4190,5935348,__MPEGTS Stream ID

9.224500,9.224500,0.016678,4426,5939672,__MPEGTS Stream ID

9.274522,9.274522,0.016678,10788,5944748,__MPEGTS Stream ID

9.357944,9.291211,0.016678,4541,5976896,__MPEGTS Stream ID

9.291222,9.291222,0.016678,4313,5981596,__MPEGTS Stream ID

9.291233,9.291233,0.016678,4316,5986108,__MPEGTS Stream ID

9.341267,9.341267,0.016678,10420,6001148,__MPEGTS Stream ID

9.424689,9.357956,0.016678,4750,6011864,__MPEGTS Stream ID

9.357967,9.357967,0.016678,4403,6016752,__MPEGTS Stream ID

9.357978,9.357978,0.016678,4450,6021452,__MPEGTS Stream ID

9.407989,9.407989,0.016678,10332,6057924,__MPEGTS Stream ID

9.491411,9.424678,0.016678,4552,6068640,__MPEGTS Stream ID

9.424689,9.424689,0.016678,4191,6073340,__MPEGTS Stream ID

9.424700,9.424700,0.016678,4226,6077664,__MPEGTS Stream ID

9.474722,9.474722,0.016678,20419,6102104,K_MPEGTS Stream ID

9.558144,9.491411,0.016678,6813,6133688,__MPEGTS Stream ID

9.491422,9.491422,0.016678,4594,6140832,__MPEGTS Stream ID

9.491433,9.491433,0.016678,4679,6145720,__MPEGTS Stream ID

9.541467,9.541467,0.016678,9605,6150608,__MPEGTS Stream ID

9.624889,9.558156,0.016678,8617,6181628,__MPEGTS Stream ID

9.558167,9.558167,0.016678,4151,6190464,__MPEGTS Stream ID

9.558178,9.558178,0.016678,1839,6194788,__MPEGTS Stream ID

9.608189,9.608189,0.016678,9111,6207760,__MPEGTS Stream ID

9.691611,9.624878,0.016678,8945,6217160,__MPEGTS Stream ID

9.624889,9.624889,0.016678,2000,6226372,__MPEGTS Stream ID

9.624900,9.624900,0.016678,1593,6228440,__MPEGTS Stream ID

9.674922,9.674922,0.016678,9248,6261716,__MPEGTS Stream ID

9.758344,9.691611,0.016678,9259,6271304,__MPEGTS Stream ID

9.691622,9.691622,0.016678,2079,6280892,__MPEGTS Stream ID

9.691633,9.691633,0.016678,1901,6283148,__MPEGTS Stream ID

9.741667,9.741667,0.016678,10161,6317176,__MPEGTS Stream ID

9.825089,9.758356,0.016678,9232,6327704,__MPEGTS Stream ID

9.758367,9.758367,0.016678,2157,6337292,__MPEGTS Stream ID

9.758378,9.758378,0.016678,1992,6339548,__MPEGTS Stream ID

9.808389,9.808389,0.016678,10014,6362672,__MPEGTS Stream ID

9.891811,9.825078,0.016678,9351,6383164,__MPEGTS Stream ID

9.825089,9.825089,0.016678,2092,6392752,__MPEGTS Stream ID

9.825100,9.825100,0.016678,1820,6395008,__MPEGTS Stream ID

9.875122,9.875122,0.016678,10056,6397264,__MPEGTS Stream ID

9.958544,9.891811,0.016678,9126,6427156,__MPEGTS Stream ID

9.891822,9.891822,0.016678,1989,6436556,__MPEGTS Stream ID

9.891833,9.891833,0.016678,1871,6438624,__MPEGTS Stream ID

9.941867,9.941867,0.016678,21458,6451784,K_MPEGTS Stream ID

10.025289,9.958556,0.016678,13932,6473780,__MPEGTS Stream ID

9.958567,9.958567,0.016678,5083,6488068,__MPEGTS Stream ID

9.958578,9.958578,0.016678,1588,6493332,__MPEGTS Stream ID

10.008589,10.008589,0.016678,10364,6526232,__MPEGTS Stream ID

10.092011,10.025278,0.016678,9893,6536948,__MPEGTS Stream ID

10.025289,10.025289,0.016678,2389,6547100,__MPEGTS Stream ID

10.025300,10.025300,0.016678,1884,6549732,__MPEGTS Stream ID

10.075322,10.075322,0.016678,10593,6576992,__MPEGTS Stream ID

10.158744,10.092011,0.016678,9595,6593160,__MPEGTS Stream ID

10.092022,10.092022,0.016678,2157,6603124,__MPEGTS Stream ID

10.092033,10.092033,0.016678,1865,6605380,__MPEGTS Stream ID

10.142067,10.142067,0.016678,10860,6628504,__MPEGTS Stream ID

10.225489,10.158756,0.016678,9667,6639784,__MPEGTS Stream ID

10.158767,10.158767,0.016678,2205,6649748,__MPEGTS Stream ID

10.158778,10.158778,0.016678,1826,6652192,__MPEGTS Stream ID

10.208789,10.208789,0.016678,10393,6664600,__MPEGTS Stream ID

10.292211,10.225478,0.016678,9775,6694868,__MPEGTS Stream ID

10.225489,10.225489,0.016678,2309,6705020,__MPEGTS Stream ID

10.225500,10.225500,0.016678,1985,6707464,__MPEGTS Stream ID

10.275522,10.275522,0.016678,11033,6720060,__MPEGTS Stream ID

10.358944,10.292211,0.016678,13862,6731528,__MPEGTS Stream ID

10.292222,10.292222,0.016678,1968,6745816,__MPEGTS Stream ID

10.292233,10.292233,0.016678,1727,6747884,__MPEGTS Stream ID

10.342267,10.342267,0.016678,10144,6781724,__MPEGTS Stream ID

10.425689,10.358956,0.016678,5702,6792252,__MPEGTS Stream ID

10.358967,10.358967,0.016678,2351,6798268,__MPEGTS Stream ID

10.358978,10.358978,0.016678,903,6800712,__MPEGTS Stream ID

10.408989,10.408989,0.016678,22985,6823084,K_MPEGTS Stream ID

10.492411,10.425678,0.016678,7550,6857300,__MPEGTS Stream ID

10.425689,10.425689,0.016678,5626,6865196,__MPEGTS Stream ID

10.425700,10.425700,0.016678,5475,6871024,__MPEGTS Stream ID

10.475722,10.475722,0.016678,15514,6876852,__MPEGTS Stream ID

10.559144,10.492411,0.016678,5030,6913888,__MPEGTS Stream ID

10.492422,10.492422,0.016678,4473,6919152,__MPEGTS Stream ID

10.492433,10.492433,0.016678,4497,6923852,__MPEGTS Stream ID

10.542467,10.542467,0.016678,9563,6939456,__MPEGTS Stream ID

10.625889,10.559156,0.016678,9940,6949420,__MPEGTS Stream ID

10.559167,10.559167,0.016678,798,6959760,__MPEGTS Stream ID

10.559178,10.559178,0.016678,1994,6960700,__MPEGTS Stream ID

10.609189,10.609189,0.016678,10578,6993976,__MPEGTS Stream ID

10.692611,10.625878,0.016678,13918,7004880,__MPEGTS Stream ID

10.625889,10.625889,0.016678,2259,7019168,__MPEGTS Stream ID

10.625900,10.625900,0.016678,1951,7021612,__MPEGTS Stream ID

10.675922,10.675922,0.016678,9584,7054136,__MPEGTS Stream ID

10.759344,10.692611,0.016678,5594,7064100,__MPEGTS Stream ID

10.692622,10.692622,0.016678,2569,7069928,__MPEGTS Stream ID

10.692633,10.692633,0.016678,868,7072748,__MPEGTS Stream ID

10.742667,10.742667,0.016678,11814,7094744,__MPEGTS Stream ID

10.826089,10.759356,0.016678,5544,7117116,__MPEGTS Stream ID

10.759367,10.759367,0.016678,5329,7122944,__MPEGTS Stream ID

10.759378,10.759378,0.016678,4726,7128584,__MPEGTS Stream ID

10.809389,10.809389,0.016678,11543,7133848,__MPEGTS Stream ID

10.892811,10.826078,0.016678,8947,7165244,__MPEGTS Stream ID

10.826089,10.826089,0.016678,2418,7174456,__MPEGTS Stream ID

10.826100,10.826100,0.016678,2122,7177088,__MPEGTS Stream ID

10.876122,10.876122,0.016678,22235,7190248,K_MPEGTS Stream ID

10.959544,10.892811,0.016678,13968,7212996,__MPEGTS Stream ID

10.892822,10.892822,0.016678,4936,7227472,__MPEGTS Stream ID

10.892833,10.892833,0.016678,1703,7232548,__MPEGTS Stream ID

10.942867,10.942867,0.016678,10392,7265636,__MPEGTS Stream ID

11.026289,10.959556,0.016678,5578,7276352,__MPEGTS Stream ID

10.959567,10.959567,0.016678,2511,7282180,__MPEGTS Stream ID

10.959578,10.959578,0.016678,1682,7284812,__MPEGTS Stream ID

11.009589,11.009589,0.016678,12438,7306808,__MPEGTS Stream ID

11.093011,11.026278,0.016678,5202,7330120,__MPEGTS Stream ID

11.026289,11.026289,0.016678,5431,7335572,__MPEGTS Stream ID

11.026300,11.026300,0.016678,5231,7341212,__MPEGTS Stream ID

11.076322,11.076322,0.016678,11976,7346664,__MPEGTS Stream ID

11.159744,11.093011,0.016678,5020,7380128,__MPEGTS Stream ID

11.093022,11.093022,0.016678,5703,7385392,__MPEGTS Stream ID

11.093033,11.093033,0.016678,5771,7391408,__MPEGTS Stream ID

11.143067,11.143067,0.016678,9852,7407952,__MPEGTS Stream ID

11.226489,11.159756,0.016678,4154,7418104,__MPEGTS Stream ID

11.159767,11.159767,0.016678,4591,7422428,__MPEGTS Stream ID

11.159778,11.159778,0.016678,4606,7427316,__MPEGTS Stream ID

11.209789,11.209789,0.016678,9248,7461908,__MPEGTS Stream ID

11.293211,11.226478,0.016678,4334,7471496,__MPEGTS Stream ID

11.226489,11.226489,0.016678,4206,7476008,__MPEGTS Stream ID

11.226500,11.226500,0.016678,4220,7480332,__MPEGTS Stream ID

11.276522,11.276522,0.016678,9345,7514924,__MPEGTS Stream ID

11.359944,11.293211,0.016678,4367,7524512,__MPEGTS Stream ID

11.293222,11.293222,0.016678,4205,7529024,__MPEGTS Stream ID

11.293233,11.293233,0.016678,4253,7533348,__MPEGTS Stream ID

11.343267,11.343267,0.016678,21312,7557788,K_MPEGTS Stream ID

11.426689,11.359956,0.016678,12916,7590124,__MPEGTS Stream ID

11.359967,11.359967,0.016678,1399,7603472,__MPEGTS Stream ID

11.359978,11.359978,0.016678,1646,7604976,__MPEGTS Stream ID

11.409989,11.409989,0.016678,10191,7606856,__MPEGTS Stream ID

11.493411,11.426678,0.016678,4904,7638440,__MPEGTS Stream ID

11.426689,11.426689,0.016678,4652,7643516,__MPEGTS Stream ID

11.426700,11.426700,0.016678,4312,7648404,__
