0,1.683622,6387,B
1,1.683644,38780,I
0,1.750356,7449,B
0,1.750378,7805,P
0,1.817089,3968,B
0,1.817111,6208,P
0,1.883822,1204,B
0,1.883844,1097,P
0,1.950556,1460,B
0,1.950578,2156,P
0,2.017289,1517,B
0,2.017311,1796,P
0,2.084022,1196,B
0,2.084044,1183,P
0,2.150756,96,B
1,2.150778,503,I
0,2.217489,96,B
0,2.217511,97,P
0,2.284222,80,B
0,2.284244,83,P
0,2.350956,96,B
0,2.350978,78,P
0,2.417689,89,B
0,2.417711,98,P
0,3.626144,102,P
0,3.692878,95,B
0,3.692900,62,B
0,3.759611,85,P
0,3.759633,70,P
0,3.826344,69,B
0,3.826367,80,B
0,3.893078,81,P
0,3.893100,78,P
0,3.959811,76,B
1,3.959833,390,I
0,4.026544,96,B
0,4.026567,84,P
0,4.093278,54,B
0,4.093300,86,P
0,4.160011,72,B
0,4.160033,71,P
0,4.160056,78,B
0,4.311567,81,P
0,4.411667,80,B
0,4.411689,113,P
0,4.478400,1193,B
1,4.478422,45971,I
0,4.545133,2569,B
0,4.545156,3631,P
0,4.611867,2278,B
0,4.611889,8637,P
0,4.678600,1699,B
0,4.678622,7753,P
0,4.745333,1880,B
0,4.745356,8148,P
0,4.812067,1677,B
0,4.812089,8862,P
0,4.878800,1178,B
0,4.878822,7509,P
0,4.945533,3410,B
1,4.945556,47648,I
0,5.012267,2427,B
0,5.012289,13390,P
0,5.079000,1788,B
0,5.079022,11046,P
0,5.145733,1542,B
0,5.145756,9374,P
0,5.212467,1632,B
0,5.212489,7747,P
0,5.279200,1350,B
0,5.279222,7504,P
0,5.345933,1900,B
0,5.345956,7713,P
0,5.412667,4792,B
1,5.412689,48151,I
0,5.479400,2737,B
0,5.479422,14599,P
0,5.546133,1800,B
0,5.546156,10637,P
0,5.612867,1574,B
0,5.612889,7449,P
0,5.679600,1589,B
0,5.679622,8288,P
0,5.746333,1766,B
0,5.746356,8970,P
0,5.813067,1814,B
0,5.813089,7248,P
0,5.879800,4415,B
1,5.879822,48109,I
0,5.946533,2245,B
0,5.946556,15447,P
0,6.013267,1399,B
0,6.013289,11051,P
0,6.080000,1968,B
0,6.080022,8657,P
0,6.146733,2020,B
0,6.146756,8816,P
0,6.213467,1452,B
0,6.213489,9185,P
0,6.280200,1858,B
0,6.280222,9012,P
0,6.346933,5773,B
1,6.346956,47691,I
0,6.413667,2081,B
0,6.413689,15022,P
0,6.480400,2045,B
0,6.480422,8591,P
0,6.547133,1990,B
0,6.547156,9488,P
0,6.613867,1783,B
0,6.613889,9018,P
0,6.680600,1891,B
0,6.680622,8073,P
0,6.747333,1900,B
0,6.747356,8663,P
0,6.814067,4782,B
1,6.814089,48322,I
0,6.880800,3083,B
0,6.880822,15023,P
0,6.947533,1721,B
0,6.947556,11437,P
0,7.014267,1855,B
0,7.014289,8861,P
0,7.081000,1663,B
0,7.081022,8513,P
0,7.147733,1707,B
0,7.147756,7338,P
0,7.214467,1647,B
0,7.214489,8293,P
0,7.281200,5000,B
1,7.281222,48352,I
0,7.347933,2245,B
0,7.347956,16122,P
0,7.414667,1452,B
0,7.414689,11490,P
0,7.481400,1706,B
0,7.481422,8111,P
0,7.548133,1715,B
0,7.548156,8326,P
0,7.614867,1795,B
0,7.614889,7269,P
0,7.681600,1700,B
0,7.681622,8124,P
0,7.748333,5787,B
1,7.748356,48196,I
0,7.815067,2333,B
0,7.815089,14939,P
0,7.881800,2128,B
0,7.881822,11142,P
0,7.948533,1411,B
0,7.948556,8295,P
0,8.015267,1928,B
0,8.015289,7848,P
0,8.082000,1406,B
0,8.082022,7250,P
0,8.148733,2647,B
0,8.148756,7394,P
0,8.215467,5413,B
1,8.215489,47602,I
0,8.282200,2491,B
0,8.282222,17005,P
0,8.348933,1767,B
0,8.348956,9152,P
0,8.415667,2162,B
0,8.415689,7197,P
0,8.482400,1989,B
0,8.482422,8669,P
0,8.549133,1984,B
0,8.549156,7318,P
0,8.615867,1486,B
0,8.615889,8632,P
0,8.682600,5879,B
1,8.682622,47754,I
0,8.749333,2362,B
0,8.749356,16352,P
0,8.816067,1715,B
0,8.816089,11439,P
0,8.882800,2089,B
0,8.882822,8641,P
0,8.949533,1806,B
0,8.949556,7521,P
0,9.016267,2031,B
0,9.016289,8555,P
0,9.083000,1695,B
0,9.083022,8526,P
0,9.149733,4796,B
1,9.149756,47892,I
0,9.216467,2260,B
0,9.216489,16454,P
0,9.283200,2012,B
0,9.283222,11583,P
0,9.349933,1730,B
0,9.349956,8888,P
0,9.416667,1722,B
0,9.416689,8174,P
0,9.483400,1790,B
0,9.483422,8294,P
0,9.550133,1704,B
0,9.550156,8193,P
0,9.616867,3841,B
1,9.616889,48568,I
0,9.683600,2619,B
0,9.683622,15118,P
0,9.750333,2090,B
0,9.750356,11369,P
0,9.817067,1677,B
0,9.817089,9646,P
0,9.883800,1780,B
0,9.883822,8630,P
0,9.950533,1627,B
0,9.950556,7772,P
0,10.017267,1655,B
0,10.017289,8580,P
0,10.084000,4747,B
1,10.084022,48118,I
0,10.150733,2781,B
0,10.150756,15078,P
0,10.217467,2461,B
0,10.217489,10704,P
0,10.284200,1999,B
0,10.284222,7778,P
0,10.350933,1850,B
0,10.350956,9067,P
0,10.417667,1300,B
0,10.417689,8682,P
0,10.484400,1982,B
0,10.484422,8107,P
0,10.551133,5128,B
1,10.551156,47840,I
0,10.617867,2914,B
0,10.617889,15526,P
0,10.684600,2486,B
0,10.684622,11287,P
0,10.751333,2152,B
0,10.751356,8193,P
0,10.818067,2272,B
0,10.818089,8093,P
0,10.884800,1658,B
0,10.884822,7707,P
0,10.951533,2258,B
0,10.951556,8203,P
0,11.018267,5135,B
1,11.018289,48483,I
0,11.085000,2785,B
0,11.085022,16335,P
0,11.151733,1701,B
0,11.151756,11525,P
0,11.218467,1863,B
0,11.218489,8874,P
0,11.285200,2056,B
0,11.285222,7105,P
0,11.351933,1841,B
0,11.351956,7787,P
0,11.418667,1460,B
0,11.418689,7648,P
0,11.485400,5002,B
1,11.485422,47840,I
0,N/A,2918,B
0,N/A,14326,P
0,N/A,2435,B
0,N/A,11037,P
