1.533467,1.400000,0.016678,38780,564,K_MPEGTS Stream ID

1.616889,1.550156,0.016678,7700,40608,__MPEGTS Stream ID

1.550167,1.550167,0.016678,6387,48504,__MPEGTS Stream ID

1.550178,1.550178,0.016678,5425,55084,__MPEGTS Stream ID

1.600200,1.550189,0.016678,7805,60724,__MPEGTS Stream ID

1.683622,1.616889,0.016678,5365,68808,__MPEGTS Stream ID

1.616900,1.616900,0.016678,7449,74448,__MPEGTS Stream ID

1.616911,1.616911,0.016678,2500,82156,__MPEGTS Stream ID

1.666933,1.616922,0.016678,6208,84788,__MPEGTS Stream ID

1.750356,1.683622,0.016678,1620,91556,__MPEGTS Stream ID

1.683633,1.683633,0.016678,3968,93248,__MPEGTS Stream ID

1.683644,1.683644,0.016678,1503,97384,__MPEGTS Stream ID

1.733667,1.683656,0.016678,1097,99076,__MPEGTS Stream ID

1.817089,1.750356,0.016678,1363,100392,__MPEGTS Stream ID

1.750367,1.750367,0.016678,1204,101896,__MPEGTS Stream ID

1.750378,1.750378,0.016678,1259,103212,__MPEGTS Stream ID

1.800400,1.750389,0.016678,2156,104528,__MPEGTS Stream ID

1.883822,1.817089,0.016678,2414,107160,__MPEGTS Stream ID

1.817100,1.817100,0.016678,1460,109792,__MPEGTS Stream ID

1.817111,1.817111,0.016678,1773,111484,__MPEGTS Stream ID

1.867133,1.817122,0.016678,1796,113364,__MPEGTS Stream ID

1.950556,1.883822,0.016678,1108,115244,__MPEGTS Stream ID

1.883833,1.883833,0.016678,1517,116560,__MPEGTS Stream ID

1.883844,1.883844,0.016678,1067,118252,__MPEGTS Stream ID

1.933867,1.883856,0.016678,1183,119380,__MPEGTS Stream ID

2.017289,1.950556,0.016678,1059,121260,__MPEGTS Stream ID

1.950567,1.950567,0.016678,1196,122388,__MPEGTS Stream ID

1.950578,1.950578,0.016678,1044,123704,__MPEGTS Stream ID

2.000600,1.950589,0.016678,503,125208,K_MPEGTS Stream ID

2.084022,2.017289,0.016678,58,125772,__MPEGTS Stream ID

2.017300,2.017300,0.016678,96,125960,__MPEGTS Stream ID

2.017311,2.017311,0.016678,38,126148,__MPEGTS Stream ID

2.067333,2.017322,0.016678,97,126336,__MPEGTS Stream ID

2.150756,2.084022,0.016678,38,126900,__MPEGTS Stream ID

2.084033,2.084033,0.016678,96,127088,__MPEGTS Stream ID

2.084044,2.084044,0.016678,35,127276,__MPEGTS Stream ID

2.134067,2.084056,0.016678,83,127464,__MPEGTS Stream ID

2.217489,2.150756,0.016678,38,127652,__MPEGTS Stream ID

2.150767,2.150767,0.016678,80,127840,__MPEGTS Stream ID

2.150778,2.150778,0.016678,35,128028,__MPEGTS Stream ID

2.200800,2.150789,0.016678,78,128216,__MPEGTS Stream ID

2.284222,2.217489,0.016678,38,128780,__MPEGTS Stream ID

2.217500,2.217500,0.016678,96,128968,__MPEGTS Stream ID

2.217511,2.217511,0.016678,35,129156,__MPEGTS Stream ID

2.267533,2.217522,0.016678,98,129344,__MPEGTS Stream ID

2.350956,2.284222,0.016678,38,134420,__MPEGTS Stream ID

2.284233,2.284233,0.016678,89,134608,__MPEGTS Stream ID

2.284244,2.284244,0.016678,35,134796,__MPEGTS Stream ID

2.334267,2.284256,0.016678,85,134984,__MPEGTS Stream ID

2.417689,2.350956,0.016678,38,160364,__MPEGTS Stream ID

2.350967,2.350967,0.016678,95,160552,__MPEGTS Stream ID

2.350978,2.350978,0.016678,35,160740,__MPEGTS Stream ID

2.401000,2.350989,0.016678,81,160928,__MPEGTS Stream ID

2.484422,2.417689,0.016678,38,187812,__MPEGTS Stream ID

2.417700,2.417700,0.016678,69,188000,__MPEGTS Stream ID

2.417711,2.417711,0.016678,35,188188,__MPEGTS Stream ID

3.175689,2.417722,0.016678,73,188376,__MPEGTS Stream ID

3.192378,2.417733,0.016678,38,188564,__MPEGTS Stream ID

3.275789,2.417744,0.016678,90,188752,__MPEGTS Stream ID

3.359211,3.292478,0.016678,38,310952,__MPEGTS Stream ID

3.375889,3.309156,0.016678,76,311140,__MPEGTS Stream ID

3.392578,3.325844,0.016678,35,311328,__MPEGTS Stream ID

3.475989,3.375889,0.016678,77,311516,__MPEGTS Stream ID

3.559411,3.492678,0.016678,38,342348,__MPEGTS Stream ID

3.492689,3.492689,0.016678,83,342536,__MPEGTS Stream ID

3.492700,3.492700,0.016678,35,342724,__MPEGTS Stream ID

3.542722,3.492711,0.016678,82,342912,__MPEGTS Stream ID

3.626144,3.559411,0.016678,38,345920,__MPEGTS Stream ID

3.559422,3.559422,0.016678,62,346108,__MPEGTS Stream ID

3.559433,3.559433,0.016678,35,346296,__MPEGTS Stream ID

3.609456,3.559444,0.016678,102,346484,__MPEGTS Stream ID

3.692878,3.626144,0.016678,38,378256,__MPEGTS Stream ID

3.626156,3.626156,0.016678,63,378444,__MPEGTS Stream ID

3.626167,3.626167,0.016678,35,378632,__MPEGTS Stream ID

3.676189,3.626178,0.016678,70,378820,__MPEGTS Stream ID

3.759611,3.692878,0.016678,38,408712,__MPEGTS Stream ID

3.692889,3.692889,0.016678,62,408900,__MPEGTS Stream ID

3.692900,3.692900,0.016678,35,409088,__MPEGTS Stream ID

3.742922,3.692911,0.016678,78,409276,__MPEGTS Stream ID

3.826344,3.759611,0.016678,38,438792,__MPEGTS Stream ID

3.759622,3.759622,0.016678,80,438980,__MPEGTS Stream ID

3.759633,3.759633,0.016678,35,439168,__MPEGTS Stream ID

3.809656,3.759644,0.016678,390,439732,K_MPEGTS Stream ID

3.893078,3.826344,0.016678,63,453080,__MPEGTS Stream ID

3.826356,3.826356,0.016678,76,453268,__MPEGTS Stream ID

3.826367,3.826367,0.016678,38,453456,__MPEGTS Stream ID

3.876389,3.826378,0.016678,84,453644,__MPEGTS Stream ID

3.959811,3.893078,0.016678,38,477708,__MPEGTS Stream ID

3.893089,3.893089,0.016678,96,477896,__MPEGTS Stream ID

3.893100,3.893100,0.016678,35,478084,__MPEGTS Stream ID

3.943122,3.893111,0.016678,86,478272,__MPEGTS Stream ID

4.026544,3.959811,0.016678,38,510044,__MPEGTS Stream ID

3.959822,3.959822,0.016678,54,510232,__MPEGTS Stream ID

3.959833,3.959833,0.016678,35,510420,__MPEGTS Stream ID

4.009856,3.959844,0.016678,71,510608,__MPEGTS Stream ID

4.093278,4.026544,0.016678,38,542756,__MPEGTS Stream ID

4.026556,4.026556,0.016678,72,542944,__MPEGTS Stream ID

4.026567,4.026567,0.016678,35,543132,__MPEGTS Stream ID

4.076589,4.026578,0.016678,81,543320,__MPEGTS Stream ID

4.160011,4.093278,0.016678,38,554224,__MPEGTS Stream ID

4.093289,4.093289,0.016678,78,554412,__MPEGTS Stream ID

4.093300,4.093300,0.016678,35,554600,__MPEGTS Stream ID

4.143322,4.093311,0.016678,113,554788,__MPEGTS Stream ID

4.226744,4.160011,0.016678,38,574904,__MPEGTS Stream ID

4.160022,4.160022,0.016678,80,575092,__MPEGTS Stream ID

4.160033,4.160033,0.016678,35,575280,__MPEGTS Stream ID

4.160044,4.160044,0.016678,45971,575844,K_MPEGTS Stream ID

4.210056,4.160056,0.016678,18299,622844,__MPEGTS Stream ID

4.160067,4.160067,0.016678,1193,641644,__MPEGTS Stream ID

4.311567,4.311567,0.016678,1090,680936,__MPEGTS Stream ID

4.394978,4.394978,0.016678,3631,717220,__MPEGTS Stream ID

4.478400,4.411667,0.016678,3135,721356,__MPEGTS Stream ID

4.411678,4.411678,0.016678,2569,724740,__MPEGTS Stream ID

4.411689,4.411689,0.016678,2905,727560,__MPEGTS Stream ID

4.461711,4.461711,0.016678,8637,760272,__MPEGTS Stream ID

4.545133,4.478400,0.016678,8639,769296,__MPEGTS Stream ID

4.478411,4.478411,0.016678,2278,778320,__MPEGTS Stream ID

4.478422,4.478422,0.016678,3102,780764,__MPEGTS Stream ID

4.528444,4.528444,0.016678,7753,789600,__MPEGTS Stream ID

4.611867,4.545133,0.016678,9503,824004,__MPEGTS Stream ID

4.545144,4.545144,0.016678,1699,833780,__MPEGTS Stream ID

4.545156,4.545156,0.016678,2518,835660,__MPEGTS Stream ID

4.595178,4.595178,0.016678,8148,838480,__MPEGTS Stream ID

4.678600,4.611867,0.016678,8909,846940,__MPEGTS Stream ID

4.611878,4.611878,0.016678,1880,856152,__MPEGTS Stream ID

4.611889,4.611889,0.016678,2105,858220,__MPEGTS Stream ID

4.661911,4.661911,0.016678,8862,892436,__MPEGTS Stream ID

4.745333,4.678600,0.016678,7642,901648,__MPEGTS Stream ID

4.678611,4.678611,0.016678,1677,909544,__MPEGTS Stream ID

4.678622,4.678622,0.016678,1726,911424,__MPEGTS Stream ID

4.728644,4.728644,0.016678,7509,944888,__MPEGTS Stream ID

4.812067,4.745333,0.016678,8435,952596,__MPEGTS Stream ID

4.745344,4.745344,0.016678,1178,961244,__MPEGTS Stream ID

4.745356,4.745356,0.016678,2030,962560,__MPEGTS Stream ID

4.795378,4.795378,0.016678,47648,996776,K_MPEGTS Stream ID

4.878800,4.812067,0.016678,32218,1045656,__MPEGTS Stream ID

4.812078,4.812078,0.016678,3410,1078744,__MPEGTS Stream ID

4.812089,4.812089,0.016678,2508,1082316,__MPEGTS Stream ID

4.862111,4.862111,0.016678,13390,1084948,__MPEGTS Stream ID

4.945533,4.878800,0.016678,10805,1128752,__MPEGTS Stream ID

4.878811,4.878811,0.016678,2427,1139844,__MPEGTS Stream ID

4.878822,4.878822,0.016678,2018,1142476,__MPEGTS Stream ID

4.928844,4.928844,0.016678,11046,1145108,__MPEGTS Stream ID

5.012267,4.945533,0.016678,9925,1156576,__MPEGTS Stream ID

4.945544,4.945544,0.016678,1788,1166916,__MPEGTS Stream ID

4.945556,4.945556,0.016678,1769,1168796,__MPEGTS Stream ID

4.995578,4.995578,0.016678,9374,1202260,__MPEGTS Stream ID

5.079000,5.012267,0.016678,6438,1212036,__MPEGTS Stream ID

5.012278,5.012278,0.016678,1542,1218804,__MPEGTS Stream ID

5.012289,5.012289,0.016678,1884,1220496,__MPEGTS Stream ID

5.062311,5.062311,0.016678,7747,1254524,__MPEGTS Stream ID

5.145733,5.079000,0.016678,8119,1262608,__MPEGTS Stream ID

5.079011,5.079011,0.016678,1632,1271068,__MPEGTS Stream ID

5.079022,5.079022,0.016678,1556,1272760,__MPEGTS Stream ID

5.129044,5.129044,0.016678,7504,1305848,__MPEGTS Stream ID

5.212467,5.145733,0.016678,7843,1313556,__MPEGTS Stream ID

5.145744,5.145744,0.016678,1350,1321640,__MPEGTS Stream ID

5.145756,5.145756,0.016678,1295,1323144,__MPEGTS Stream ID

5.195778,5.195778,0.016678,7713,1325024,__MPEGTS Stream ID

5.279200,5.212467,0.016678,7315,1364692,__MPEGTS Stream ID

5.212478,5.212478,0.016678,1900,1372212,__MPEGTS Stream ID

5.212489,5.212489,0.016678,1719,1374280,__MPEGTS Stream ID

5.262511,5.262511,0.016678,48151,1376536,K_MPEGTS Stream ID

5.345933,5.279200,0.016678,40282,1425792,__MPEGTS Stream ID

5.279211,5.279211,0.016678,4792,1467152,__MPEGTS Stream ID

5.279222,5.279222,0.016678,2784,1472228,__MPEGTS Stream ID

5.329244,5.329244,0.016678,14599,1504940,__MPEGTS Stream ID

5.412667,5.345933,0.016678,9801,1519980,__MPEGTS Stream ID

5.345944,5.345944,0.016678,2737,1530132,__MPEGTS Stream ID

5.345956,5.345956,0.016678,1565,1532952,__MPEGTS Stream ID

5.395978,5.395978,0.016678,10637,1566604,__MPEGTS Stream ID

5.479400,5.412667,0.016678,7353,1577508,__MPEGTS Stream ID

5.412678,5.412678,0.016678,1800,1585216,__MPEGTS Stream ID

5.412689,5.412689,0.016678,1126,1587096,__MPEGTS Stream ID

5.462711,5.462711,0.016678,7449,1588412,__MPEGTS Stream ID

5.546133,5.479400,0.016678,6781,1627704,__MPEGTS Stream ID

5.479411,5.479411,0.016678,1574,1634660,__MPEGTS Stream ID

5.479422,5.479422,0.016678,1688,1636352,__MPEGTS Stream ID

5.529444,5.529444,0.016678,8288,1638608,__MPEGTS Stream ID

5.612867,5.546133,0.016678,8680,1647256,__MPEGTS Stream ID

5.546144,5.546144,0.016678,1589,1656280,__MPEGTS Stream ID

5.546156,5.546156,0.016678,1883,1657972,__MPEGTS Stream ID

5.596178,5.596178,0.016678,8970,1689744,__MPEGTS Stream ID

5.679600,5.612867,0.016678,7715,1698956,__MPEGTS Stream ID

5.612878,5.612878,0.016678,1766,1707040,__MPEGTS Stream ID

5.612889,5.612889,0.016678,1875,1708920,__MPEGTS Stream ID

5.662911,5.662911,0.016678,7248,1743136,__MPEGTS Stream ID

5.746333,5.679600,0.016678,6909,1750656,__MPEGTS Stream ID

5.679611,5.679611,0.016678,1814,1757800,__MPEGTS Stream ID

5.679622,5.679622,0.016678,2030,1759680,__MPEGTS Stream ID

5.729644,5.729644,0.016678,48109,1793896,K_MPEGTS Stream ID

5.813067,5.746333,0.016678,41563,1843152,__MPEGTS Stream ID

5.746344,5.746344,0.016678,4415,1885640,__MPEGTS Stream ID

5.746356,5.746356,0.016678,2353,1890340,__MPEGTS Stream ID

5.796378,5.796378,0.016678,15447,1892784,__MPEGTS Stream ID

5.879800,5.813067,0.016678,10403,1940348,__MPEGTS Stream ID

5.813078,5.813078,0.016678,2245,1951064,__MPEGTS Stream ID

5.813089,5.813089,0.016678,1570,1953508,__MPEGTS Stream ID

5.863111,5.863111,0.016678,11051,1955576,__MPEGTS Stream ID

5.946533,5.879800,0.016678,7102,1967044,__MPEGTS Stream ID

5.879811,5.879811,0.016678,1399,1974376,__MPEGTS Stream ID

5.879822,5.879822,0.016678,1623,1975880,__MPEGTS Stream ID

5.929844,5.929844,0.016678,8657,2008780,__MPEGTS Stream ID

6.013267,5.946533,0.016678,6895,2017804,__MPEGTS Stream ID

5.946544,5.946544,0.016678,1968,2024948,__MPEGTS Stream ID

5.946556,5.946556,0.016678,1782,2027016,__MPEGTS Stream ID

5.996578,5.996578,0.016678,8816,2058976,__MPEGTS Stream ID

6.080000,6.013267,0.016678,6382,2068188,__MPEGTS Stream ID

6.013278,6.013278,0.016678,2020,2074768,__MPEGTS Stream ID

6.013289,6.013289,0.016678,1826,2077024,__MPEGTS Stream ID

6.063311,6.063311,0.016678,9185,2078904,__MPEGTS Stream ID

6.146733,6.080000,0.016678,6601,2120076,__MPEGTS Stream ID

6.080011,6.080011,0.016678,1452,2126844,__MPEGTS Stream ID

6.080022,6.080022,0.016678,1811,2128348,__MPEGTS Stream ID

6.130044,6.130044,0.016678,9012,2130604,__MPEGTS Stream ID

6.213467,6.146733,0.016678,7697,2140004,__MPEGTS Stream ID

6.146744,6.146744,0.016678,1858,2147900,__MPEGTS Stream ID

6.146756,6.146756,0.016678,1840,2149968,__MPEGTS Stream ID

6.196778,6.196778,0.016678,47691,2184184,K_MPEGTS Stream ID

6.280200,6.213467,0.016678,46426,2233064,__MPEGTS Stream ID

6.213478,6.213478,0.016678,5773,2280628,__MPEGTS Stream ID

6.213489,6.213489,0.016678,2180,2286644,__MPEGTS Stream ID

6.263511,6.263511,0.016678,15022,2318980,__MPEGTS Stream ID

6.346933,6.280200,0.016678,8953,2334396,__MPEGTS Stream ID

6.280211,6.280211,0.016678,2081,2343608,__MPEGTS Stream ID

6.280222,6.280222,0.016678,1622,2345864,__MPEGTS Stream ID

6.330244,6.330244,0.016678,8591,2377636,__MPEGTS Stream ID

6.413667,6.346933,0.016678,7501,2386472,__MPEGTS Stream ID

6.346944,6.346944,0.016678,2045,2394180,__MPEGTS Stream ID

6.346956,6.346956,0.016678,1320,2396436,__MPEGTS Stream ID

6.396978,6.396978,0.016678,9488,2397940,__MPEGTS Stream ID

6.480400,6.413667,0.016678,6679,2439300,__MPEGTS Stream ID

6.413678,6.413678,0.016678,1990,2446256,__MPEGTS Stream ID

6.413689,6.413689,0.016678,1630,2448324,__MPEGTS Stream ID

6.463711,6.463711,0.016678,9018,2450392,__MPEGTS Stream ID

6.547133,6.480400,0.016678,8780,2459792,__MPEGTS Stream ID

6.480411,6.480411,0.016678,1783,2468816,__MPEGTS Stream ID

6.480422,6.480422,0.016678,1708,2470696,__MPEGTS Stream ID

6.530444,6.530444,0.016678,8073,2504160,__MPEGTS Stream ID

6.613867,6.547133,0.016678,8009,2512432,__MPEGTS Stream ID

6.547144,6.547144,0.016678,1891,2520704,__MPEGTS Stream ID

6.547156,6.547156,0.016678,1691,2522772,__MPEGTS Stream ID

6.597178,6.597178,0.016678,8663,2556236,__MPEGTS Stream ID

6.680600,6.613867,0.016678,7836,2565260,__MPEGTS Stream ID

6.613878,6.613878,0.016678,1900,2573344,__MPEGTS Stream ID

6.613889,6.613889,0.016678,1913,2575412,__MPEGTS Stream ID

6.663911,6.663911,0.016678,48322,2609440,K_MPEGTS Stream ID

6.747333,6.680600,0.016678,48591,2658884,__MPEGTS Stream ID

6.680611,6.680611,0.016678,4782,2708704,__MPEGTS Stream ID

6.680622,6.680622,0.016678,2262,2713780,__MPEGTS Stream ID

6.730644,6.730644,0.016678,15023,2716412,__MPEGTS Stream ID

6.814067,6.747333,0.016678,8171,2731828,__MPEGTS Stream ID

6.747344,6.747344,0.016678,3083,2740288,__MPEGTS Stream ID

6.747356,6.747356,0.016678,1386,2743484,__MPEGTS Stream ID

6.797378,6.797378,0.016678,11437,2776196,__MPEGTS Stream ID

6.880800,6.814067,0.016678,6766,2788040,__MPEGTS Stream ID

6.814078,6.814078,0.016678,1721,2794996,__MPEGTS Stream ID

6.814089,6.814089,0.016678,1417,2796876,__MPEGTS Stream ID

6.864111,6.864111,0.016678,8861,2829964,__MPEGTS Stream ID

6.947533,6.880800,0.016678,6685,2839176,__MPEGTS Stream ID

6.880811,6.880811,0.016678,1855,2846132,__MPEGTS Stream ID

6.880822,6.880822,0.016678,1742,2848200,__MPEGTS Stream ID

6.930844,6.930844,0.016678,8513,2876776,__MPEGTS Stream ID

7.014267,6.947533,0.016678,6063,2890876,__MPEGTS Stream ID

6.947544,6.947544,0.016678,1663,2897268,__MPEGTS Stream ID

6.947556,6.947556,0.016678,1734,2899148,__MPEGTS Stream ID

6.997578,6.997578,0.016678,7338,2901028,__MPEGTS Stream ID

7.081000,7.014267,0.016678,7100,2934868,__MPEGTS Stream ID

7.014278,7.014278,0.016678,1707,2942200,__MPEGTS Stream ID

7.014289,7.014289,0.016678,1675,2944080,__MPEGTS Stream ID

7.064311,7.014300,0.016678,8293,2945960,__MPEGTS Stream ID

7.147733,7.081000,0.016678,7699,2960248,__MPEGTS Stream ID

7.081011,7.081011,0.016678,1647,2968144,__MPEGTS Stream ID

7.081022,7.081022,0.016678,1545,2970024,__MPEGTS Stream ID

7.131044,7.081033,0.016678,48352,2972092,K_MPEGTS Stream ID

7.214467,7.147733,0.016678,45659,3052744,__MPEGTS Stream ID

7.147744,7.147744,0.016678,5000,3099556,__MPEGTS Stream ID

7.147756,7.147756,0.016678,2390,3104820,__MPEGTS Stream ID

7.197778,7.147767,0.016678,16122,3107452,__MPEGTS Stream ID

7.281200,7.214467,0.016678,9261,3154076,__MPEGTS Stream ID

7.214478,7.214478,0.016678,2245,3163664,__MPEGTS Stream ID

7.214489,7.214489,0.016678,1370,3166108,__MPEGTS Stream ID

7.264511,7.214500,0.016678,11490,3167612,__MPEGTS Stream ID

7.347933,7.281200,0.016678,7261,3209348,__MPEGTS Stream ID

7.281211,7.281211,0.016678,1452,3216868,__MPEGTS Stream ID

7.281222,7.281222,0.016678,1684,3218372,__MPEGTS Stream ID

7.331244,7.281233,0.016678,8111,3220252,__MPEGTS Stream ID

7.414667,7.347933,0.016678,7189,3253904,__MPEGTS Stream ID

7.347944,7.347944,0.016678,1706,3261424,__MPEGTS Stream ID

7.347956,7.347956,0.016678,1765,3263304,__MPEGTS Stream ID

7.397978,7.347967,0.016678,8326,3265184,__MPEGTS Stream ID

7.481400,7.414667,0.016678,6036,3279096,__MPEGTS Stream ID

7.414678,7.414678,0.016678,1715,3285300,__MPEGTS Stream ID

7.414689,7.414689,0.016678,1574,3287180,__MPEGTS Stream ID

7.464711,7.414700,0.016678,7269,3288872,__MPEGTS Stream ID

7.548133,7.481400,0.016678,6554,3328352,__MPEGTS Stream ID

7.481411,7.481411,0.016678,1795,3335120,__MPEGTS Stream ID

7.481422,7.481422,0.016678,1717,3337000,__MPEGTS Stream ID

7.531444,7.481433,0.016678,8124,3338880,__MPEGTS Stream ID

7.614867,7.548133,0.016678,7204,3378924,__MPEGTS Stream ID

7.548144,7.548144,0.016678,1700,3386444,__MPEGTS Stream ID

7.548156,7.548156,0.016678,1695,3388324,__MPEGTS Stream ID

7.598178,7.548167,0.016678,48196,3390580,K_MPEGTS Stream ID

7.681600,7.614867,0.016678,44098,3466344,__MPEGTS Stream ID

7.614878,7.614878,0.016678,5787,3511464,__MPEGTS Stream ID

7.614889,7.614889,0.016678,2184,3517480,__MPEGTS Stream ID

7.664911,7.614900,0.016678,14939,3519736,__MPEGTS Stream ID

7.748333,7.681600,0.016678,9632,3541920,__MPEGTS Stream ID

7.681611,7.681611,0.016678,2333,3551884,__MPEGTS Stream ID

7.681622,7.681622,0.016678,1340,3554328,__MPEGTS Stream ID

7.731644,7.681633,0.016678,11142,3555832,__MPEGTS Stream ID

7.815067,7.748333,0.016678,7064,3603396,__MPEGTS Stream ID

7.748344,7.748344,0.016678,2128,3610728,__MPEGTS Stream ID

7.748356,7.748356,0.016678,1295,3612984,__MPEGTS Stream ID

7.798378,7.748367,0.016678,8295,3614488,__MPEGTS Stream ID

7.881800,7.815067,0.016678,6425,3654908,__MPEGTS Stream ID

7.815078,7.815078,0.016678,1411,3661676,__MPEGTS Stream ID

7.815089,7.815089,0.016678,1794,3663180,__MPEGTS Stream ID

7.865111,7.815100,0.016678,7848,3665060,__MPEGTS Stream ID

7.948533,7.881800,0.016678,7829,3697960,__MPEGTS Stream ID

7.881811,7.881811,0.016678,1928,3706044,__MPEGTS Stream ID

7.881822,7.881822,0.016678,1534,3708112,__MPEGTS Stream ID

7.931844,7.881833,0.016678,7250,3709804,__MPEGTS Stream ID

8.015267,7.948533,0.016678,8134,3728228,__MPEGTS Stream ID

7.948544,7.948544,0.016678,1406,3736688,__MPEGTS Stream ID

7.948556,7.948556,0.016678,1581,3738192,__MPEGTS Stream ID

7.998578,7.948567,0.016678,7394,3739884,__MPEGTS Stream ID

8.082000,8.015267,0.016678,7944,3773912,__MPEGTS Stream ID

8.015278,8.015278,0.016678,2647,3782184,__MPEGTS Stream ID

8.015289,8.015289,0.016678,1661,3785004,__MPEGTS Stream ID

8.065311,8.015300,0.016678,47602,3787260,K_MPEGTS Stream ID

8.148733,8.082000,0.016678,44503,3867536,__MPEGTS Stream ID

8.082011,8.082011,0.016678,5413,3913220,__MPEGTS Stream ID

8.082022,8.082022,0.016678,2279,3918860,__MPEGTS Stream ID

8.132044,8.082033,0.016678,17005,3921304,__MPEGTS Stream ID

8.215467,8.148733,0.016678,9175,3965484,__MPEGTS Stream ID

8.148744,8.148744,0.016678,2491,3975072,__MPEGTS Stream ID

8.148756,8.148756,0.016678,1718,3977704,__MPEGTS Stream ID

8.198778,8.148767,0.016678,9152,3979584,__MPEGTS Stream ID

8.282200,8.215467,0.016678,7677,3999136,__MPEGTS Stream ID

8.215478,8.215478,0.016678,1767,4007032,__MPEGTS Stream ID

8.215489,8.215489,0.016678,1436,4008912,__MPEGTS Stream ID

8.265511,8.215500,0.016678,7197,4010416,__MPEGTS Stream ID

8.348933,8.282200,0.016678,7137,4042752,__MPEGTS Stream ID

8.282211,8.282211,0.016678,2162,4050084,__MPEGTS Stream ID

8.282222,8.282222,0.016678,1420,4052340,__MPEGTS Stream ID

8.332244,8.282233,0.016678,8669,4053844,__MPEGTS Stream ID

8.415667,8.348933,0.016678,8655,4092760,__MPEGTS Stream ID

8.348944,8.348944,0.016678,1989,4101784,__MPEGTS Stream ID

8.348956,8.348956,0.016678,1821,4103852,__MPEGTS Stream ID

8.398978,8.348967,0.016678,7318,4105732,__MPEGTS Stream ID

8.482400,8.415667,0.016678,8981,4143708,__MPEGTS Stream ID

8.415678,8.415678,0.016678,1984,4152920,__MPEGTS Stream ID

8.415689,8.415689,0.016678,1723,4154988,__MPEGTS Stream ID

8.465711,8.415700,0.016678,8632,4156868,__MPEGTS Stream ID

8.549133,8.482400,0.016678,6762,4192212,__MPEGTS Stream ID

8.482411,8.482411,0.016678,1486,4199168,__MPEGTS Stream ID

8.482422,8.482422,0.016678,1536,4200860,__MPEGTS Stream ID

8.532444,8.482433,0.016678,47754,4202928,K_MPEGTS Stream ID

8.615867,8.549133,0.016678,46301,4261960,__MPEGTS Stream ID

8.549144,8.549144,0.016678,5879,4309336,__MPEGTS Stream ID

8.549156,8.549156,0.016678,1663,4315540,__MPEGTS Stream ID

8.599178,8.549167,0.016678,16352,4317420,__MPEGTS Stream ID

8.682600,8.615867,0.016678,9589,4359344,__MPEGTS Stream ID

8.615878,8.615878,0.016678,2362,4369308,__MPEGTS Stream ID

8.615889,8.615889,0.016678,1439,4371752,__MPEGTS Stream ID

8.665911,8.615900,0.016678,11439,4373256,__MPEGTS Stream ID

8.749333,8.682600,0.016678,7402,4416684,__MPEGTS Stream ID

8.682611,8.682611,0.016678,1715,4424392,__MPEGTS Stream ID

8.682622,8.682622,0.016678,1047,4426272,__MPEGTS Stream ID

8.732644,8.682633,0.016678,8641,4427400,__MPEGTS Stream ID

8.816067,8.749333,0.016678,7818,4463120,__MPEGTS Stream ID

8.749344,8.749344,0.016678,2089,4471204,__MPEGTS Stream ID

8.749356,8.749356,0.016678,1577,4473460,__MPEGTS Stream ID

8.799378,8.749367,0.016678,7521,4475152,__MPEGTS Stream ID

8.882800,8.816067,0.016678,7786,4493012,__MPEGTS Stream ID

8.816078,8.816078,0.016678,1806,4501096,__MPEGTS Stream ID

8.816089,8.816089,0.016678,1703,4502976,__MPEGTS Stream ID

8.866111,8.816100,0.016678,8555,4504856,__MPEGTS Stream ID

8.949533,8.882800,0.016678,7657,4543960,__MPEGTS Stream ID

8.882811,8.882811,0.016678,2031,4551856,__MPEGTS Stream ID

8.882822,8.882822,0.016678,1625,4554112,__MPEGTS Stream ID

8.932844,8.882833,0.016678,8526,4555804,__MPEGTS Stream ID

9.016267,8.949533,0.016678,7851,4589456,__MPEGTS Stream ID

8.949544,8.949544,0.016678,1695,4597540,__MPEGTS Stream ID

8.949556,8.949556,0.016678,1781,4599420,__MPEGTS Stream ID

8.999578,8.949567,0.016678,47892,4601676,K_MPEGTS Stream ID

9.083000,9.016267,0.016678,44833,4682328,__MPEGTS Stream ID

9.016278,9.016278,0.016678,4796,4728200,__MPEGTS Stream ID

9.016289,9.016289,0.016678,2493,4733276,__MPEGTS Stream ID

9.066311,9.016300,0.016678,16454,4735908,__MPEGTS Stream ID

9.149733,9.083000,0.016678,11061,4779524,__MPEGTS Stream ID

9.083011,9.083011,0.016678,2260,4790992,__MPEGTS Stream ID

9.083022,9.083022,0.016678,1335,4793436,__MPEGTS Stream ID

9.133044,9.083033,0.016678,11583,4794940,__MPEGTS Stream ID

9.216467,9.149733,0.016678,8113,4818628,__MPEGTS Stream ID

9.149744,9.149744,0.016678,2012,4827088,__MPEGTS Stream ID

9.149756,9.149756,0.016678,1509,4829344,__MPEGTS Stream ID

9.199778,9.149767,0.016678,8888,4831036,__MPEGTS Stream ID

9.283200,9.216467,0.016678,6821,4871456,__MPEGTS Stream ID

9.216478,9.216478,0.016678,1730,4878600,__MPEGTS Stream ID

9.216489,9.216489,0.016678,1623,4880480,__MPEGTS Stream ID

9.266511,9.216500,0.016678,8174,4882172,__MPEGTS Stream ID

9.349933,9.283200,0.016678,7226,4916952,__MPEGTS Stream ID

9.283211,9.283211,0.016678,1722,4924472,__MPEGTS Stream ID

9.283222,9.283222,0.016678,1261,4926352,__MPEGTS Stream ID

9.333244,9.283233,0.016678,8294,4927668,__MPEGTS Stream ID

9.416667,9.349933,0.016678,7611,4947220,__MPEGTS Stream ID

9.349944,9.349944,0.016678,1790,4955116,__MPEGTS Stream ID

9.349956,9.349956,0.016678,1646,4956996,__MPEGTS Stream ID

9.399978,9.349967,0.016678,8193,4958876,__MPEGTS Stream ID

9.483400,9.416667,0.016678,7202,4999108,__MPEGTS Stream ID

9.416678,9.416678,0.016678,1704,5006628,__MPEGTS Stream ID

9.416689,9.416689,0.016678,1568,5008508,__MPEGTS Stream ID

9.466711,9.416700,0.016678,48568,5010576,K_MPEGTS Stream ID

9.550133,9.483400,0.016678,47827,5091980,__MPEGTS Stream ID

9.483411,9.483411,0.016678,3841,5141048,__MPEGTS Stream ID

9.483422,9.483422,0.016678,2271,5144996,__MPEGTS Stream ID

9.533444,9.483433,0.016678,15118,5147440,__MPEGTS Stream ID

9.616867,9.550133,0.016678,8705,5189364,__MPEGTS Stream ID

9.550144,9.550144,0.016678,2619,5198388,__MPEGTS Stream ID

9.550156,9.550156,0.016678,1752,5201208,__MPEGTS Stream ID

9.600178,9.550167,0.016678,11369,5203088,__MPEGTS Stream ID

9.683600,9.616867,0.016678,6789,5239560,__MPEGTS Stream ID

9.616878,9.616878,0.016678,2090,5246704,__MPEGTS Stream ID

9.616889,9.616889,0.016678,1560,5248960,__MPEGTS Stream ID

9.666911,9.616900,0.016678,9646,5250652,__MPEGTS Stream ID

9.750333,9.683600,0.016678,7035,5271520,__MPEGTS Stream ID

9.683611,9.683611,0.016678,1677,5278852,__MPEGTS Stream ID

9.683622,9.683622,0.016678,1721,5280732,__MPEGTS Stream ID

9.733644,9.683633,0.016678,8630,5282612,__MPEGTS Stream ID

9.817067,9.750333,0.016678,5797,5323220,__MPEGTS Stream ID

9.750344,9.750344,0.016678,1780,5329236,__MPEGTS Stream ID

9.750356,9.750356,0.016678,1759,5331116,__MPEGTS Stream ID

9.800378,9.750367,0.016678,7772,5332996,__MPEGTS Stream ID

9.883800,9.817067,0.016678,7593,5367400,__MPEGTS Stream ID

9.817078,9.817078,0.016678,1627,5375296,__MPEGTS Stream ID

9.817089,9.817089,0.016678,1677,5376988,__MPEGTS Stream ID

9.867111,9.817100,0.016678,8580,5378868,__MPEGTS Stream ID

9.950533,9.883800,0.016678,7331,5417784,__MPEGTS Stream ID

9.883811,9.883811,0.016678,1655,5425304,__MPEGTS Stream ID

9.883822,9.883822,0.016678,1859,5427184,__MPEGTS Stream ID

9.933844,9.883833,0.016678,48118,5429628,K_MPEGTS Stream ID

10.017267,9.950533,0.016678,48071,5505392,__MPEGTS Stream ID

9.950544,9.950544,0.016678,4747,5554648,__MPEGTS Stream ID

9.950556,9.950556,0.016678,2334,5559536,__MPEGTS Stream ID

10.000578,9.950567,0.016678,15078,5561980,__MPEGTS Stream ID

10.084000,10.017267,0.016678,8076,5588112,__MPEGTS Stream ID

10.017278,10.017278,0.016678,2781,5596572,__MPEGTS Stream ID

10.017289,10.017289,0.016678,1269,5599580,__MPEGTS Stream ID

10.067311,10.017300,0.016678,10704,5600896,__MPEGTS Stream ID

10.150733,10.084000,0.016678,6660,5642068,__MPEGTS Stream ID

10.084011,10.084011,0.016678,2461,5649024,__MPEGTS Stream ID

10.084022,10.084022,0.016678,1528,5651656,__MPEGTS Stream ID

10.134044,10.084033,0.016678,7778,5653348,__MPEGTS Stream ID

10.217467,10.150733,0.016678,6923,5687752,__MPEGTS Stream ID

10.150744,10.150744,0.016678,1999,5694896,__MPEGTS Stream ID

10.150756,10.150756,0.016678,1505,5696964,__MPEGTS Stream ID

10.200778,10.150767,0.016678,9067,5698656,__MPEGTS Stream ID

10.284200,10.217467,0.016678,6562,5732872,__MPEGTS Stream ID

10.217478,10.217478,0.016678,1850,5739640,__MPEGTS Stream ID

10.217489,10.217489,0.016678,1746,5741708,__MPEGTS Stream ID

10.267511,10.217500,0.016678,8682,5743588,__MPEGTS Stream ID

10.350933,10.284200,0.016678,6235,5763516,__MPEGTS Stream ID

10.284211,10.284211,0.016678,1300,5770096,__MPEGTS Stream ID

10.284222,10.284222,0.016678,1510,5771600,__MPEGTS Stream ID

10.334244,10.284233,0.016678,8107,5773292,__MPEGTS Stream ID

10.417667,10.350933,0.016678,6401,5812960,__MPEGTS Stream ID

10.350944,10.350944,0.016678,1982,5819540,__MPEGTS Stream ID

10.350956,10.350956,0.016678,1361,5821608,__MPEGTS Stream ID

10.400978,10.350967,0.016678,47840,5823488,K_MPEGTS Stream ID

10.484400,10.417667,0.016678,46151,5902636,__MPEGTS Stream ID

10.417678,10.417678,0.016678,5128,5949824,__MPEGTS Stream ID

10.417689,10.417689,0.016678,2058,5955088,__MPEGTS Stream ID

10.467711,10.417700,0.016678,15526,5957344,__MPEGTS Stream ID

10.551133,10.484400,0.016678,12428,6000208,__MPEGTS Stream ID

10.484411,10.484411,0.016678,2914,6012992,__MPEGTS Stream ID

10.484422,10.484422,0.016678,1392,6016000,__MPEGTS Stream ID

10.534444,10.484433,0.016678,11287,6017504,__MPEGTS Stream ID

10.617867,10.551133,0.016678,7578,6055480,__MPEGTS Stream ID

10.551144,10.551144,0.016678,2486,6063376,__MPEGTS Stream ID

10.551156,10.551156,0.016678,1253,6066008,__MPEGTS Stream ID

10.601178,10.551167,0.016678,8193,6067324,__MPEGTS Stream ID

10.684600,10.617867,0.016678,6605,6086688,__MPEGTS Stream ID

10.617878,10.617878,0.016678,2152,6093644,__MPEGTS Stream ID

10.617889,10.617889,0.016678,1478,6095900,__MPEGTS Stream ID

10.667911,10.617900,0.016678,8093,6097592,__MPEGTS Stream ID

10.751333,10.684600,0.016678,7888,6137260,__MPEGTS Stream ID

10.684611,10.684611,0.016678,2272,6145532,__MPEGTS Stream ID

10.684622,10.684622,0.016678,1433,6147976,__MPEGTS Stream ID

10.734644,10.684633,0.016678,7707,6149480,__MPEGTS Stream ID

10.818067,10.751333,0.016678,7531,6182568,__MPEGTS Stream ID

10.751344,10.751344,0.016678,1658,6190464,__MPEGTS Stream ID

10.751356,10.751356,0.016678,1500,6192344,__MPEGTS Stream ID

10.801378,10.751367,0.016678,8203,6194036,__MPEGTS Stream ID

10.884800,10.818067,0.016678,6916,6228816,__MPEGTS Stream ID

10.818078,10.818078,0.016678,2258,6235960,__MPEGTS Stream ID

10.818089,10.818089,0.016678,1340,6238404,__MPEGTS Stream ID

10.868111,10.818100,0.016678,48483,6240284,K_MPEGTS Stream ID

10.951533,10.884800,0.016678,45688,6300444,__MPEGTS Stream ID

10.884811,10.884811,0.016678,5135,6347256,__MPEGTS Stream ID

10.884822,10.884822,0.016678,2172,6352520,__MPEGTS Stream ID

10.934844,10.884833,0.016678,16335,6354776,__MPEGTS Stream ID

11.018267,10.951533,0.016678,9949,6403468,__MPEGTS Stream ID

10.951544,10.951544,0.016678,2785,6413808,__MPEGTS Stream ID

10.951556,10.951556,0.016678,1585,6416816,__MPEGTS Stream ID

11.001578,10.951567,0.016678,11525,6418508,__MPEGTS Stream ID

11.085000,11.018267,0.016678,7798,6461748,__MPEGTS Stream ID

11.018278,11.018278,0.016678,1701,6469832,__MPEGTS Stream ID

11.018289,11.018289,0.016678,1500,6471712,__MPEGTS Stream ID

11.068311,11.018300,0.016678,8874,6473404,__MPEGTS Stream ID

11.151733,11.085000,0.016678,7163,6507432,__MPEGTS Stream ID

11.085011,11.085011,0.016678,1863,6514952,__MPEGTS Stream ID

11.085022,11.085022,0.016678,1346,6517020,__MPEGTS Stream ID

11.135044,11.085033,0.016678,7105,6518524,__MPEGTS Stream ID

11.218467,11.151733,0.016678,7626,6550672,__MPEGTS Stream ID

11.151744,11.151744,0.016678,2056,6558568,__MPEGTS Stream ID

11.151756,11.151756,0.016678,1720,6560824,__MPEGTS Stream ID

11.201778,11.151767,0.016678,7787,6562704,__MPEGTS Stream ID

11.285200,11.218467,0.016678,7318,6581692,__MPEGTS Stream ID

11.218478,11.218478,0.016678,1841,6589212,__MPEGTS Stream ID

11.218489,11.218489,0.016678,1722,6591280,__MPEGTS Stream ID

11.268511,11.218500,0.016678,7648,6593160,__MPEGTS Stream ID

11.351933,11.285200,0.016678,6362,6632640,__MPEGTS Stream ID

11.285211,11.285211,0.016678,1460,6639220,__MPEGTS Stream ID

11.285222,11.285222,0.016678,1757,6640912,__MPEGTS Stream ID

11.335244,11.285233,0.016678,47840,6643168,K_MPEGTS Stream ID

11.418667,11.351933,0.016678,44320,6718180,__MPEGTS Stream ID

11.351944,11.351944,0.016678,5002,6763676,__MPEGTS Stream ID

11.351956,11.351956,0.016678,2269,6768940,__MPEGTS Stream ID

11.401978,11.351967,0.016678,14326,6771384,__MPEGTS Stream ID

11.485400,11.418667,0.016678,10814,6816128,__MPEGTS Stream ID

11.418678,11.418678,0.016678,2918,6827220,__MPEGTS Stream ID

11.418689,11.418689,0.016678,1253,6830228,__MPEGTS Stream ID

11.468711,11.418700,0.016678,11037,6831544,__MPEGTS Stream ID

11.552133,11.485400,0.016678,6723,6867828,__MPEGTS Stream ID

11.485411,11.485411,0.016678,2435,6874784,__MPEGTS Stream ID

11.485422,11.485422,0.016678,1577,6877416,__MPEGTS Stream ID

11.535444,11.485433,0.016678,10052,6879108,__
